[0m22:51:50.288054 [debug] [MainThread]: Sending event: {'category': 'dbt', 'action': 'invocation', 'label': 'start', 'context': [<snowplow_tracker.self_describing_json.SelfDescribingJson object at 0x00000248AD460830>, <snowplow_tracker.self_describing_json.SelfDescribingJson object at 0x00000248AACE91D0>, <snowplow_tracker.self_describing_json.SelfDescribingJson object at 0x00000248AFC6FED0>]}


============================== 22:51:50.396255 | fd2859ab-5970-4f9c-9e5b-cb032d14f88a ==============================
[0m22:51:50.396255 [info ] [MainThread]: Running with dbt=1.12.0
[0m22:51:50.396849 [debug] [MainThread]: running dbt with arguments {'maximum_seed_size_mib': '1', 'no_print': 'None', 'static_parser': 'True', 'warn_error_options': 'WarnErrorOptionsV2(error=[], warn=[], silence=[])', 'target_path': 'None', 'version_check': 'True', 'printer_width': '80', 'write_json': 'True', 'introspect': 'True', 'log_cache_events': 'False', 'empty': 'None', 'cache_selected_only': 'False', 'fail_fast': 'False', 'debug': 'False', 'log_format': 'default', 'profiles_dir': 'C:\\Users\\arauj\\.dbt', 'send_anonymous_usage_stats': 'True', 'quiet': 'False', 'warn_error': 'None', 'partial_parse': 'True', 'invocation_command': 'dbt debug', 'hints_enabled': 'True', 'use_colors': 'True', 'use_experimental_parser': 'False', 'indirect_selection': 'eager', 'log_path': 'D:\\ESTUDOS\\projetos\\anp-fuel\\dbt\\logs'}
[0m22:51:50.742321 [info ] [MainThread]: dbt version: 1.12.0
[0m22:51:50.742815 [info ] [MainThread]: python version: 3.14.6
[0m22:51:50.743094 [info ] [MainThread]: python path: D:\ESTUDOS\projetos\anp-fuel\.venv\Scripts\python.exe
[0m22:51:50.743312 [info ] [MainThread]: os info: Windows-11-10.0.26200-SP0
[0m22:51:50.804761 [info ] [MainThread]: Using profiles dir at C:\Users\arauj\.dbt
[0m22:51:50.805493 [info ] [MainThread]: Using profiles.yml file at C:\Users\arauj\.dbt\profiles.yml
[0m22:51:50.805877 [info ] [MainThread]: Using dbt_project.yml file at D:\ESTUDOS\projetos\anp-fuel\dbt\dbt_project.yml
[0m22:51:50.807213 [info ] [MainThread]: adapter type: postgres
[0m22:51:50.807605 [info ] [MainThread]: adapter version: 1.11.0
[0m22:51:50.895282 [info ] [MainThread]: Configuration:
[0m22:51:50.895855 [info ] [MainThread]:   profiles.yml file [[32mOK found and valid[0m]
[0m22:51:50.896270 [info ] [MainThread]:   dbt_project.yml file [[32mOK found and valid[0m]
[0m22:51:50.896568 [info ] [MainThread]: Required dependencies:
[0m22:51:50.896960 [debug] [MainThread]: Executing "git --help"
[0m22:51:50.995628 [debug] [MainThread]: STDOUT: "b"usage: git [-v | --version] [-h | --help] [-C <path>] [-c <name>=<value>]\n           [--exec-path[=<path>]] [--html-path] [--man-path] [--info-path]\n           [-p | --paginate | -P | --no-pager] [--no-replace-objects] [--no-lazy-fetch]\n           [--no-optional-locks] [--no-advice] [--bare] [--git-dir=<path>]\n           [--work-tree=<path>] [--namespace=<name>] [--config-env=<name>=<envvar>]\n           <command> [<args>]\n\nThese are common Git commands used in various situations:\n\nstart a working area (see also: git help tutorial)\n   clone      Clone a repository into a new directory\n   init       Create an empty Git repository or reinitialize an existing one\n\nwork on the current change (see also: git help everyday)\n   add        Add file contents to the index\n   mv         Move or rename a file, a directory, or a symlink\n   restore    Restore working tree files\n   rm         Remove files from the working tree and from the index\n\nexamine the history and state (see also: git help revisions)\n   bisect     Use binary search to find the commit that introduced a bug\n   diff       Show changes between commits, commit and working tree, etc\n   grep       Print lines matching a pattern\n   log        Show commit logs\n   show       Show various types of objects\n   status     Show the working tree status\n\ngrow, mark and tweak your common history\n   backfill   Download missing objects in a partial clone\n   branch     List, create, or delete branches\n   commit     Record changes to the repository\n   history    EXPERIMENTAL: Rewrite history\n   merge      Join two or more development histories together\n   rebase     Reapply commits on top of another base tip\n   reset      Set `HEAD` or the index to a known state\n   switch     Switch branches\n   tag        Create, list, delete or verify tags\n\ncollaborate (see also: git help workflows)\n   fetch      Download objects and refs from another repository\n   pull       Fetch from and integrate with another repository or a local branch\n   push       Update remote refs along with associated objects\n\n'git help -a' and 'git help -g' list available subcommands and some\nconcept guides. See 'git help <command>' or 'git help <concept>'\nto read about a specific subcommand or concept.\nSee 'git help git' for an overview of the system.\n""
[0m22:51:50.996273 [debug] [MainThread]: STDERR: "b''"
[0m22:51:50.996732 [info ] [MainThread]:  - git [[32mOK found[0m]

[0m22:51:50.997169 [info ] [MainThread]: Connection:
[0m22:51:50.997538 [info ] [MainThread]:   host: localhost
[0m22:51:50.997853 [info ] [MainThread]:   port: 5432
[0m22:51:50.998117 [info ] [MainThread]:   user: postgres
[0m22:51:50.998359 [info ] [MainThread]:   database: anp_fuel
[0m22:51:50.998590 [info ] [MainThread]:   schema: public
[0m22:51:50.998832 [info ] [MainThread]:   connect_timeout: 10
[0m22:51:50.999070 [info ] [MainThread]:   role: None
[0m22:51:50.999315 [info ] [MainThread]:   search_path: None
[0m22:51:50.999550 [info ] [MainThread]:   keepalives_idle: 0
[0m22:51:50.999790 [info ] [MainThread]:   sslmode: None
[0m22:51:51.000017 [info ] [MainThread]:   sslcert: None
[0m22:51:51.000243 [info ] [MainThread]:   sslkey: None
[0m22:51:51.000465 [info ] [MainThread]:   sslrootcert: None
[0m22:51:51.000697 [info ] [MainThread]:   application_name: dbt
[0m22:51:51.000928 [info ] [MainThread]:   autocommit: False
[0m22:51:51.001160 [info ] [MainThread]:   retries: 1
[0m22:51:51.001566 [info ] [MainThread]: Registered adapter: postgres=1.11.0
[0m22:51:51.189322 [debug] [MainThread]: Acquiring new postgres connection 'debug'
[0m22:51:53.533858 [debug] [MainThread]: Using postgres connection "debug"
[0m22:51:53.534226 [debug] [MainThread]: On debug: select 1 as id
[0m22:51:53.534429 [debug] [MainThread]: Opening a new connection, currently in state init
[0m22:51:53.621272 [debug] [MainThread]: SQL status: SELECT 1 in 0.087 seconds
[0m22:51:53.622106 [debug] [MainThread]: On debug: Close
[0m22:51:53.622431 [info ] [MainThread]:   Connection test: [[32mOK connection ok[0m]

[0m22:51:53.623071 [info ] [MainThread]: [32mAll checks passed![0m
[0m22:51:53.624142 [debug] [MainThread]: Command `dbt debug` succeeded at 22:51:53.624043 after 3.51 seconds
[0m22:51:53.624492 [debug] [MainThread]: Connection 'debug' was properly closed.
[0m22:51:53.624853 [debug] [MainThread]: Sending event: {'category': 'dbt', 'action': 'invocation', 'label': 'end', 'context': [<snowplow_tracker.self_describing_json.SelfDescribingJson object at 0x00000248AFF108A0>, <snowplow_tracker.self_describing_json.SelfDescribingJson object at 0x00000248B0274B90>, <snowplow_tracker.self_describing_json.SelfDescribingJson object at 0x00000248ADF2A470>]}
[0m22:51:53.625248 [debug] [MainThread]: Flushing usage events
[0m22:51:54.730615 [debug] [MainThread]: An error was encountered while trying to flush usage events
[0m22:52:27.346171 [debug] [MainThread]: Sending event: {'category': 'dbt', 'action': 'invocation', 'label': 'start', 'context': [<snowplow_tracker.self_describing_json.SelfDescribingJson object at 0x00000228A0484830>, <snowplow_tracker.self_describing_json.SelfDescribingJson object at 0x000002289DCE91D0>, <snowplow_tracker.self_describing_json.SelfDescribingJson object at 0x00000228A2D139D0>]}


============================== 22:52:27.349852 | 36388a25-addd-455c-ab0e-2892ef5f5436 ==============================
[0m22:52:27.349852 [info ] [MainThread]: Running with dbt=1.12.0
[0m22:52:27.350455 [debug] [MainThread]: running dbt with arguments {'static_parser': 'True', 'no_print': 'None', 'maximum_seed_size_mib': '1', 'target_path': 'None', 'warn_error_options': 'WarnErrorOptionsV2(error=[], warn=[], silence=[])', 'version_check': 'True', 'printer_width': '80', 'write_json': 'True', 'introspect': 'True', 'log_cache_events': 'False', 'empty': 'False', 'cache_selected_only': 'False', 'log_format': 'default', 'debug': 'False', 'fail_fast': 'False', 'partial_parse': 'True', 'send_anonymous_usage_stats': 'True', 'quiet': 'False', 'warn_error': 'None', 'profiles_dir': 'C:\\Users\\arauj\\.dbt', 'use_colors': 'True', 'hints_enabled': 'True', 'indirect_selection': 'eager', 'use_experimental_parser': 'False', 'invocation_command': 'dbt run', 'log_path': 'D:\\ESTUDOS\\projetos\\anp-fuel\\dbt\\logs'}
[0m22:52:27.520688 [debug] [MainThread]: Sending event: {'category': 'dbt', 'action': 'project_id', 'label': '36388a25-addd-455c-ab0e-2892ef5f5436', 'context': [<snowplow_tracker.self_describing_json.SelfDescribingJson object at 0x00000228A2C9A8B0>]}
[0m22:52:27.568143 [debug] [MainThread]: Sending event: {'category': 'dbt', 'action': 'adapter_info', 'label': '36388a25-addd-455c-ab0e-2892ef5f5436', 'context': [<snowplow_tracker.self_describing_json.SelfDescribingJson object at 0x000002289DC93F00>]}
[0m22:52:27.569452 [info ] [MainThread]: Registered adapter: postgres=1.11.0
[0m22:52:27.734469 [debug] [MainThread]: checksum: a2adc26f75378a8eb99e8d8f91a2a8f9ec58712ce43e4c142f0908dcdb265eb1, vars: {}, profile: anp_fuel, target: dev, version: 1.12.0
[0m22:52:27.735184 [info ] [MainThread]: Unable to do partial parsing because saved manifest not found. Starting full parse.
[0m22:52:27.735913 [debug] [MainThread]: Sending event: {'category': 'dbt', 'action': 'partial_parser', 'label': '36388a25-addd-455c-ab0e-2892ef5f5436', 'context': [<snowplow_tracker.self_describing_json.SelfDescribingJson object at 0x00000228A2CB3C50>]}
[0m22:52:29.496996 [warn ] [MainThread]: [[33mWARNING[0m][MissingArgumentsPropertyInGenericTestDeprecation]: Deprecated
functionality
Found top-level arguments to test `accepted_values` defined on 'stg_precos' in
package 'anp_fuel' (models\staging\schema.yml). Arguments to generic tests
should be nested under the `arguments` property.
[0m22:52:29.497653 [debug] [MainThread]: Sending event: {'category': 'dbt', 'action': 'deprecation', 'label': '36388a25-addd-455c-ab0e-2892ef5f5436', 'property_': 'warn', 'context': [<snowplow_tracker.self_describing_json.SelfDescribingJson object at 0x00000228A3772C60>]}
[0m22:52:29.667633 [debug] [MainThread]: Sending event: {'category': 'dbt', 'action': 'load_project', 'label': '36388a25-addd-455c-ab0e-2892ef5f5436', 'context': [<snowplow_tracker.self_describing_json.SelfDescribingJson object at 0x00000228A3759C50>]}
[0m22:52:29.743858 [debug] [MainThread]: Wrote artifact WritableManifest to D:\ESTUDOS\projetos\anp-fuel\dbt\target\manifest.json
[0m22:52:29.748386 [debug] [MainThread]: Wrote artifact SemanticManifest to D:\ESTUDOS\projetos\anp-fuel\dbt\target\semantic_manifest.json
[0m22:52:30.055212 [debug] [MainThread]: Wrote artifact OsiDocument to D:\ESTUDOS\projetos\anp-fuel\dbt\target\osi_document.json
[0m22:52:30.115505 [debug] [MainThread]: Sending event: {'category': 'dbt', 'action': 'resource_counts', 'label': '36388a25-addd-455c-ab0e-2892ef5f5436', 'context': [<snowplow_tracker.self_describing_json.SelfDescribingJson object at 0x00000228A3992D00>]}
[0m22:52:30.115901 [info ] [MainThread]: Found 2 models, 4 data tests, 1 source, 477 macros
[0m22:52:30.116345 [debug] [MainThread]: Sending event: {'category': 'dbt', 'action': 'runnable_timing', 'label': '36388a25-addd-455c-ab0e-2892ef5f5436', 'context': [<snowplow_tracker.self_describing_json.SelfDescribingJson object at 0x00000228A392DD90>]}
[0m22:52:30.117794 [info ] [MainThread]: 
[0m22:52:30.118102 [info ] [MainThread]: Concurrency: 4 threads (target='dev')
[0m22:52:30.118339 [info ] [MainThread]: 
[0m22:52:30.118734 [debug] [MainThread]: Acquiring new postgres connection 'master'
[0m22:52:30.121616 [debug] [ThreadPool]: Acquiring new postgres connection 'list_anp_fuel'
[0m22:52:30.167855 [debug] [ThreadPool]: Using postgres connection "list_anp_fuel"
[0m22:52:30.168211 [debug] [ThreadPool]: On list_anp_fuel: /* {"app": "dbt", "dbt_version": "1.12.0", "profile_name": "anp_fuel", "target_name": "dev", "connection_name": "list_anp_fuel"} */

    select distinct nspname from pg_namespace
  
[0m22:52:30.168431 [debug] [ThreadPool]: Opening a new connection, currently in state init
[0m22:52:30.219403 [debug] [ThreadPool]: SQL status: SELECT 4 in 0.051 seconds
[0m22:52:30.220527 [debug] [ThreadPool]: On list_anp_fuel: Close
[0m22:52:30.222137 [debug] [ThreadPool]: Acquiring new postgres connection 'list_anp_fuel_public'
[0m22:52:30.226553 [debug] [ThreadPool]: Using postgres connection "list_anp_fuel_public"
[0m22:52:30.226827 [debug] [ThreadPool]: On list_anp_fuel_public: /* {"app": "dbt", "dbt_version": "1.12.0", "profile_name": "anp_fuel", "target_name": "dev", "connection_name": "list_anp_fuel_public"} */
select
      'anp_fuel' as database,
      tablename as name,
      schemaname as schema,
      'table' as type
    from pg_tables
    where schemaname ilike 'public'
    union all
    select
      'anp_fuel' as database,
      viewname as name,
      schemaname as schema,
      'view' as type
    from pg_views
    where schemaname ilike 'public'
    union all
    select
      'anp_fuel' as database,
      matviewname as name,
      schemaname as schema,
      'materialized_view' as type
    from pg_matviews
    where schemaname ilike 'public'
    union all
    select distinct
     'anp_fuel' as database,
     proname as name,
     ns.nspname as schema,
     'function' as type
    from pg_proc
     join pg_namespace as ns on pronamespace = ns.oid
    where ns.nspname ilike 'public'
  
[0m22:52:30.227043 [debug] [ThreadPool]: Opening a new connection, currently in state init
[0m22:52:30.283543 [debug] [ThreadPool]: SQL status: SELECT 1 in 0.056 seconds
[0m22:52:30.284795 [debug] [ThreadPool]: On list_anp_fuel_public: ROLLBACK
[0m22:52:30.285271 [debug] [ThreadPool]: On list_anp_fuel_public: Close
[0m22:52:30.290143 [debug] [MainThread]: Using postgres connection "master"
[0m22:52:30.290595 [debug] [MainThread]: On master: /* {"app": "dbt", "dbt_version": "1.12.0", "profile_name": "anp_fuel", "target_name": "dev", "connection_name": "master"} */
select distinct
        dependent_namespace.nspname as dependent_schema,
        dependent_class.relname as dependent_name,
        referenced_namespace.nspname as referenced_schema,
        referenced_class.relname as referenced_name

    -- Query for views: views are entries in pg_class with an entry in pg_rewrite, but we avoid
    -- a seq scan on pg_rewrite by leveraging the fact there is an "internal" row in pg_depend for
    -- the view...
    from pg_class as dependent_class
    join pg_namespace as dependent_namespace on dependent_namespace.oid = dependent_class.relnamespace
    join pg_depend as dependent_depend on dependent_depend.refobjid = dependent_class.oid
        and dependent_depend.classid = 'pg_rewrite'::regclass
        and dependent_depend.refclassid = 'pg_class'::regclass
        and dependent_depend.deptype = 'i'

    -- ... and via pg_depend (that has a row per column, hence the need for "distinct" above, and
    -- making sure to exclude the internal row to avoid a view appearing to depend on itself)...
    join pg_depend as joining_depend on joining_depend.objid = dependent_depend.objid
        and joining_depend.classid = 'pg_rewrite'::regclass
        and joining_depend.refclassid = 'pg_class'::regclass
        and joining_depend.refobjid != dependent_depend.refobjid

    -- ... we can find the tables they query from in pg_class, but excluding system tables. Note we
    -- don't need need to exclude _dependent_ system tables, because they only query from other
    -- system tables, and so are automatically excluded by excluding _referenced_ system tables
    join pg_class as referenced_class on referenced_class.oid = joining_depend.refobjid
    join pg_namespace as referenced_namespace on referenced_namespace.oid = referenced_class.relnamespace
        and referenced_namespace.nspname != 'information_schema'
        and referenced_namespace.nspname not like 'pg\_%'

    order by
        dependent_schema, dependent_name, referenced_schema, referenced_name;
[0m22:52:30.290889 [debug] [MainThread]: Opening a new connection, currently in state init
[0m22:52:30.342091 [debug] [MainThread]: SQL status: SELECT 0 in 0.051 seconds
[0m22:52:30.343352 [debug] [MainThread]: Sending event: {'category': 'dbt', 'action': 'runnable_timing', 'label': '36388a25-addd-455c-ab0e-2892ef5f5436', 'context': [<snowplow_tracker.self_describing_json.SelfDescribingJson object at 0x00000228A36120A0>]}
[0m22:52:30.343765 [debug] [MainThread]: On master: ROLLBACK
[0m22:52:30.344216 [debug] [MainThread]: On master: COMMIT
[0m22:52:30.344470 [debug] [MainThread]: Using postgres connection "master"
[0m22:52:30.344670 [debug] [MainThread]: On master: COMMIT
[0m22:52:30.345052 [debug] [MainThread]: SQL status: COMMIT in 0.000 seconds
[0m22:52:30.345288 [debug] [MainThread]: On master: Close
[0m22:52:30.372949 [debug] [Thread-1 (]: Began running node model.anp_fuel.stg_precos
[0m22:52:30.373487 [info ] [Thread-1 (]: 1 of 2 START sql view model public.stg_precos .................................. [RUN]
[0m22:52:30.374205 [debug] [Thread-1 (]: Acquiring new postgres connection 'model.anp_fuel.stg_precos'
[0m22:52:30.374475 [debug] [Thread-1 (]: Began compiling node model.anp_fuel.stg_precos
[0m22:52:30.379340 [debug] [Thread-1 (]: Writing injected SQL for node "model.anp_fuel.stg_precos"
[0m22:52:30.380802 [debug] [Thread-1 (]: Began executing node model.anp_fuel.stg_precos
[0m22:52:30.409388 [debug] [Thread-1 (]: Writing runtime sql for node "model.anp_fuel.stg_precos"
[0m22:52:30.410920 [debug] [Thread-1 (]: Using postgres connection "model.anp_fuel.stg_precos"
[0m22:52:30.411267 [debug] [Thread-1 (]: On model.anp_fuel.stg_precos: /* {"app": "dbt", "dbt_version": "1.12.0", "profile_name": "anp_fuel", "target_name": "dev", "node_id": "model.anp_fuel.stg_precos"} */

  create view "anp_fuel"."public"."stg_precos__dbt_tmp"
    
    
  as (
    -- Staging: ponte padronizada entre a fonte e os modelos analíticos.
-- Regra: só renomes leves, casts e derivações simples. Nada de agregação.

SELECT
    id,
    revenda,
    cnpj,
    regiao,
    uf,
    cidade,
    bairro,
    produto,
    data_coleta,
    valor_venda,
    bandeira,
    DATE_TRUNC('month', data_coleta)::date AS mes_coleta
FROM "anp_fuel"."public"."precos_combustiveis"
  );
[0m22:52:30.411537 [debug] [Thread-1 (]: Opening a new connection, currently in state init
[0m22:52:30.474880 [debug] [Thread-1 (]: SQL status: CREATE VIEW in 0.063 seconds
[0m22:52:30.479393 [debug] [Thread-1 (]: Using postgres connection "model.anp_fuel.stg_precos"
[0m22:52:30.479681 [debug] [Thread-1 (]: On model.anp_fuel.stg_precos: /* {"app": "dbt", "dbt_version": "1.12.0", "profile_name": "anp_fuel", "target_name": "dev", "node_id": "model.anp_fuel.stg_precos"} */
alter table "anp_fuel"."public"."stg_precos__dbt_tmp" rename to "stg_precos"
[0m22:52:30.480642 [debug] [Thread-1 (]: SQL status: ALTER TABLE in 0.001 seconds
[0m22:52:30.491917 [debug] [Thread-1 (]: On model.anp_fuel.stg_precos: COMMIT
[0m22:52:30.492186 [debug] [Thread-1 (]: Using postgres connection "model.anp_fuel.stg_precos"
[0m22:52:30.492404 [debug] [Thread-1 (]: On model.anp_fuel.stg_precos: COMMIT
[0m22:52:30.493713 [debug] [Thread-1 (]: SQL status: COMMIT in 0.001 seconds
[0m22:52:30.497378 [debug] [Thread-1 (]: Applying DROP to: "anp_fuel"."public"."stg_precos__dbt_backup"
[0m22:52:30.500465 [debug] [Thread-1 (]: Using postgres connection "model.anp_fuel.stg_precos"
[0m22:52:30.500713 [debug] [Thread-1 (]: On model.anp_fuel.stg_precos: /* {"app": "dbt", "dbt_version": "1.12.0", "profile_name": "anp_fuel", "target_name": "dev", "node_id": "model.anp_fuel.stg_precos"} */
drop view if exists "anp_fuel"."public"."stg_precos__dbt_backup" cascade
[0m22:52:30.502974 [debug] [Thread-1 (]: SQL status: DROP VIEW in 0.002 seconds
[0m22:52:30.504575 [debug] [Thread-1 (]: On model.anp_fuel.stg_precos: Close
[0m22:52:30.513259 [debug] [Thread-1 (]: Sending event: {'category': 'dbt', 'action': 'run_model', 'label': '36388a25-addd-455c-ab0e-2892ef5f5436', 'context': [<snowplow_tracker.self_describing_json.SelfDescribingJson object at 0x00000228A4BDB1B0>]}
[0m22:52:30.514320 [info ] [Thread-1 (]: 1 of 2 OK created sql view model public.stg_precos ............................. [[32mCREATE VIEW[0m in 0.13s]
[0m22:52:30.515215 [debug] [Thread-1 (]: Finished running node model.anp_fuel.stg_precos
[0m22:52:30.516061 [debug] [Thread-2 (]: Began running node model.anp_fuel.gold_preco_mensal_uf
[0m22:52:30.516586 [info ] [Thread-2 (]: 2 of 2 START sql table model public.gold_preco_mensal_uf ....................... [RUN]
[0m22:52:30.517329 [debug] [Thread-2 (]: Acquiring new postgres connection 'model.anp_fuel.gold_preco_mensal_uf'
[0m22:52:30.517597 [debug] [Thread-2 (]: Began compiling node model.anp_fuel.gold_preco_mensal_uf
[0m22:52:30.519584 [debug] [Thread-2 (]: Writing injected SQL for node "model.anp_fuel.gold_preco_mensal_uf"
[0m22:52:30.520377 [debug] [Thread-2 (]: Began executing node model.anp_fuel.gold_preco_mensal_uf
[0m22:52:30.537490 [debug] [Thread-2 (]: Writing runtime sql for node "model.anp_fuel.gold_preco_mensal_uf"
[0m22:52:30.539294 [debug] [Thread-2 (]: Using postgres connection "model.anp_fuel.gold_preco_mensal_uf"
[0m22:52:30.539681 [debug] [Thread-2 (]: On model.anp_fuel.gold_preco_mensal_uf: /* {"app": "dbt", "dbt_version": "1.12.0", "profile_name": "anp_fuel", "target_name": "dev", "node_id": "model.anp_fuel.gold_preco_mensal_uf"} */

  
    

  create  table "anp_fuel"."public"."gold_preco_mensal_uf__dbt_tmp"
  
  
    as
  
  (
    -- Preço médio mensal por UF e produto — tabela pronta para análise/dashboard.

SELECT
    uf,
    produto,
    mes_coleta,
    ROUND(AVG(valor_venda), 3) AS preco_medio,
    MIN(valor_venda)           AS preco_min,
    MAX(valor_venda)           AS preco_max,
    COUNT(*)                   AS qtd_coletas
FROM "anp_fuel"."public"."stg_precos"
GROUP BY uf, produto, mes_coleta
  );
  
[0m22:52:30.539994 [debug] [Thread-2 (]: Opening a new connection, currently in state init
[0m22:52:31.613923 [debug] [Thread-2 (]: SQL status: SELECT 6403 in 1.074 seconds
[0m22:52:31.618518 [debug] [Thread-2 (]: Using postgres connection "model.anp_fuel.gold_preco_mensal_uf"
[0m22:52:31.618798 [debug] [Thread-2 (]: On model.anp_fuel.gold_preco_mensal_uf: /* {"app": "dbt", "dbt_version": "1.12.0", "profile_name": "anp_fuel", "target_name": "dev", "node_id": "model.anp_fuel.gold_preco_mensal_uf"} */
alter table "anp_fuel"."public"."gold_preco_mensal_uf__dbt_tmp" rename to "gold_preco_mensal_uf"
[0m22:52:31.619538 [debug] [Thread-2 (]: SQL status: ALTER TABLE in 0.000 seconds
[0m22:52:31.620554 [debug] [Thread-2 (]: On model.anp_fuel.gold_preco_mensal_uf: COMMIT
[0m22:52:31.620806 [debug] [Thread-2 (]: Using postgres connection "model.anp_fuel.gold_preco_mensal_uf"
[0m22:52:31.621023 [debug] [Thread-2 (]: On model.anp_fuel.gold_preco_mensal_uf: COMMIT
[0m22:52:31.622912 [debug] [Thread-2 (]: SQL status: COMMIT in 0.002 seconds
[0m22:52:31.624193 [debug] [Thread-2 (]: Applying DROP to: "anp_fuel"."public"."gold_preco_mensal_uf__dbt_backup"
[0m22:52:31.626185 [debug] [Thread-2 (]: Using postgres connection "model.anp_fuel.gold_preco_mensal_uf"
[0m22:52:31.626433 [debug] [Thread-2 (]: On model.anp_fuel.gold_preco_mensal_uf: /* {"app": "dbt", "dbt_version": "1.12.0", "profile_name": "anp_fuel", "target_name": "dev", "node_id": "model.anp_fuel.gold_preco_mensal_uf"} */
drop table if exists "anp_fuel"."public"."gold_preco_mensal_uf__dbt_backup" cascade
[0m22:52:31.628019 [debug] [Thread-2 (]: SQL status: DROP TABLE in 0.001 seconds
[0m22:52:31.628954 [debug] [Thread-2 (]: On model.anp_fuel.gold_preco_mensal_uf: Close
[0m22:52:31.629440 [debug] [Thread-2 (]: Sending event: {'category': 'dbt', 'action': 'run_model', 'label': '36388a25-addd-455c-ab0e-2892ef5f5436', 'context': [<snowplow_tracker.self_describing_json.SelfDescribingJson object at 0x00000228A4C1F7D0>]}
[0m22:52:31.629964 [info ] [Thread-2 (]: 2 of 2 OK created sql table model public.gold_preco_mensal_uf .................. [[32mSELECT 6403[0m in 1.11s]
[0m22:52:31.630497 [debug] [Thread-2 (]: Finished running node model.anp_fuel.gold_preco_mensal_uf
[0m22:52:31.631860 [debug] [MainThread]: On master: COMMIT
[0m22:52:31.632094 [debug] [MainThread]: Using postgres connection "master"
[0m22:52:31.632317 [debug] [MainThread]: On master: COMMIT
[0m22:52:31.632517 [debug] [MainThread]: Opening a new connection, currently in state closed
[0m22:52:31.771592 [debug] [MainThread]: SQL status: COMMIT in 0.139 seconds
[0m22:52:31.772011 [debug] [MainThread]: On master: Close
[0m22:52:31.772423 [debug] [MainThread]: Connection 'master' was properly closed.
[0m22:52:31.772678 [debug] [MainThread]: Connection 'list_anp_fuel' was properly closed.
[0m22:52:31.772855 [debug] [MainThread]: Connection 'list_anp_fuel_public' was properly closed.
[0m22:52:31.773016 [debug] [MainThread]: Connection 'model.anp_fuel.stg_precos' was properly closed.
[0m22:52:31.773183 [debug] [MainThread]: Connection 'model.anp_fuel.gold_preco_mensal_uf' was properly closed.
[0m22:52:31.773418 [info ] [MainThread]: 
[0m22:52:31.773863 [info ] [MainThread]: Finished running 1 table model, 1 view model in 0 hours 0 minutes and 1.65 seconds (1.65s).
[0m22:52:31.774727 [debug] [MainThread]: Command end result
[0m22:52:31.798798 [debug] [MainThread]: Wrote artifact WritableManifest to D:\ESTUDOS\projetos\anp-fuel\dbt\target\manifest.json
[0m22:52:31.801701 [debug] [MainThread]: Wrote artifact SemanticManifest to D:\ESTUDOS\projetos\anp-fuel\dbt\target\semantic_manifest.json
[0m22:52:31.804534 [debug] [MainThread]: Wrote artifact OsiDocument to D:\ESTUDOS\projetos\anp-fuel\dbt\target\osi_document.json
[0m22:52:31.811509 [debug] [MainThread]: Wrote artifact RunExecutionResult to D:\ESTUDOS\projetos\anp-fuel\dbt\target\run_results.json
[0m22:52:31.811845 [info ] [MainThread]: 
[0m22:52:31.812296 [info ] [MainThread]: [32mCompleted successfully[0m
[0m22:52:31.812734 [info ] [MainThread]: 
[0m22:52:31.813179 [info ] [MainThread]: Done. PASS=2 WARN=0 ERROR=0 SKIP=0 NO-OP=0 REUSED=0 TOTAL=2
[0m22:52:31.813843 [warn ] [MainThread]: [[33mWARNING[0m][DeprecationsSummary]: Deprecated functionality
Summary of encountered deprecations:
- MissingArgumentsPropertyInGenericTestDeprecation: 1 occurrence
To see all deprecation instances instead of just the first occurrence of each,
run command again with the `--show-all-deprecations` flag. You may also need to
run with `--no-partial-parse` as some deprecations are only encountered during
parsing.
[0m22:52:31.815113 [debug] [MainThread]: Command `dbt run` succeeded at 22:52:31.814992 after 4.64 seconds
[0m22:52:31.815491 [debug] [MainThread]: Sending event: {'category': 'dbt', 'action': 'invocation', 'label': 'end', 'context': [<snowplow_tracker.self_describing_json.SelfDescribingJson object at 0x00000228A2D61630>, <snowplow_tracker.self_describing_json.SelfDescribingJson object at 0x00000228A2B541A0>, <snowplow_tracker.self_describing_json.SelfDescribingJson object at 0x00000228A2CE3230>]}
[0m22:52:31.815842 [debug] [MainThread]: Flushing usage events
[0m22:52:32.540372 [debug] [MainThread]: An error was encountered while trying to flush usage events
[0m22:52:54.511084 [debug] [MainThread]: Sending event: {'category': 'dbt', 'action': 'invocation', 'label': 'start', 'context': [<snowplow_tracker.self_describing_json.SelfDescribingJson object at 0x00000119F8000830>, <snowplow_tracker.self_describing_json.SelfDescribingJson object at 0x00000119F58991D0>, <snowplow_tracker.self_describing_json.SelfDescribingJson object at 0x00000119FA8939D0>]}


============================== 22:52:54.514871 | 3f16956f-b37c-4a6c-9675-543a5cd1c3cb ==============================
[0m22:52:54.514871 [info ] [MainThread]: Running with dbt=1.12.0
[0m22:52:54.515397 [debug] [MainThread]: running dbt with arguments {'maximum_seed_size_mib': '1', 'no_print': 'None', 'static_parser': 'True', 'target_path': 'None', 'warn_error_options': 'WarnErrorOptionsV2(error=[], warn=[], silence=[])', 'version_check': 'True', 'printer_width': '80', 'write_json': 'True', 'empty': 'None', 'log_cache_events': 'False', 'introspect': 'True', 'cache_selected_only': 'False', 'fail_fast': 'False', 'debug': 'False', 'log_format': 'default', 'profiles_dir': 'C:\\Users\\arauj\\.dbt', 'send_anonymous_usage_stats': 'True', 'quiet': 'False', 'warn_error': 'None', 'partial_parse': 'True', 'indirect_selection': 'eager', 'hints_enabled': 'True', 'invocation_command': 'dbt test', 'use_experimental_parser': 'False', 'use_colors': 'True', 'log_path': 'D:\\ESTUDOS\\projetos\\anp-fuel\\dbt\\logs'}
[0m22:52:54.648922 [debug] [MainThread]: Sending event: {'category': 'dbt', 'action': 'project_id', 'label': '3f16956f-b37c-4a6c-9675-543a5cd1c3cb', 'context': [<snowplow_tracker.self_describing_json.SelfDescribingJson object at 0x00000119FA8168B0>]}
[0m22:52:54.697486 [debug] [MainThread]: Sending event: {'category': 'dbt', 'action': 'adapter_info', 'label': '3f16956f-b37c-4a6c-9675-543a5cd1c3cb', 'context': [<snowplow_tracker.self_describing_json.SelfDescribingJson object at 0x00000119F5853F00>]}
[0m22:52:54.698807 [info ] [MainThread]: Registered adapter: postgres=1.11.0
[0m22:52:54.849400 [debug] [MainThread]: checksum: a2adc26f75378a8eb99e8d8f91a2a8f9ec58712ce43e4c142f0908dcdb265eb1, vars: {}, profile: anp_fuel, target: dev, version: 1.12.0
[0m22:52:54.955179 [debug] [MainThread]: Partial parsing enabled: 0 files deleted, 0 files added, 0 files changed.
[0m22:52:54.955485 [debug] [MainThread]: Nothing changed, skipping partial parsing.
[0m22:52:54.955684 [debug] [MainThread]: Partial parsing enabled, no changes found, skipping parsing
[0m22:52:54.962500 [debug] [MainThread]: Sending event: {'category': 'dbt', 'action': 'load_project', 'label': '3f16956f-b37c-4a6c-9675-543a5cd1c3cb', 'context': [<snowplow_tracker.self_describing_json.SelfDescribingJson object at 0x00000119FAD9B750>]}
[0m22:52:55.063917 [debug] [MainThread]: Wrote artifact WritableManifest to D:\ESTUDOS\projetos\anp-fuel\dbt\target\manifest.json
[0m22:52:55.066309 [debug] [MainThread]: Wrote artifact SemanticManifest to D:\ESTUDOS\projetos\anp-fuel\dbt\target\semantic_manifest.json
[0m22:52:55.085800 [debug] [MainThread]: Wrote artifact OsiDocument to D:\ESTUDOS\projetos\anp-fuel\dbt\target\osi_document.json
[0m22:52:55.233867 [debug] [MainThread]: Sending event: {'category': 'dbt', 'action': 'resource_counts', 'label': '3f16956f-b37c-4a6c-9675-543a5cd1c3cb', 'context': [<snowplow_tracker.self_describing_json.SelfDescribingJson object at 0x00000119FB05C230>]}
[0m22:52:55.234259 [info ] [MainThread]: Found 2 models, 4 data tests, 1 source, 477 macros
[0m22:52:55.234574 [debug] [MainThread]: Sending event: {'category': 'dbt', 'action': 'runnable_timing', 'label': '3f16956f-b37c-4a6c-9675-543a5cd1c3cb', 'context': [<snowplow_tracker.self_describing_json.SelfDescribingJson object at 0x00000119FC5690F0>]}
[0m22:52:55.236048 [info ] [MainThread]: 
[0m22:52:55.236332 [info ] [MainThread]: Concurrency: 4 threads (target='dev')
[0m22:52:55.236818 [info ] [MainThread]: 
[0m22:52:55.237614 [debug] [MainThread]: Acquiring new postgres connection 'master'
[0m22:52:55.240424 [debug] [ThreadPool]: Acquiring new postgres connection 'list_anp_fuel_public'
[0m22:52:55.288069 [debug] [ThreadPool]: Using postgres connection "list_anp_fuel_public"
[0m22:52:55.288433 [debug] [ThreadPool]: On list_anp_fuel_public: /* {"app": "dbt", "dbt_version": "1.12.0", "profile_name": "anp_fuel", "target_name": "dev", "connection_name": "list_anp_fuel_public"} */
select
      'anp_fuel' as database,
      tablename as name,
      schemaname as schema,
      'table' as type
    from pg_tables
    where schemaname ilike 'public'
    union all
    select
      'anp_fuel' as database,
      viewname as name,
      schemaname as schema,
      'view' as type
    from pg_views
    where schemaname ilike 'public'
    union all
    select
      'anp_fuel' as database,
      matviewname as name,
      schemaname as schema,
      'materialized_view' as type
    from pg_matviews
    where schemaname ilike 'public'
    union all
    select distinct
     'anp_fuel' as database,
     proname as name,
     ns.nspname as schema,
     'function' as type
    from pg_proc
     join pg_namespace as ns on pronamespace = ns.oid
    where ns.nspname ilike 'public'
  
[0m22:52:55.288726 [debug] [ThreadPool]: Opening a new connection, currently in state init
[0m22:52:55.340700 [debug] [ThreadPool]: SQL status: SELECT 3 in 0.052 seconds
[0m22:52:55.341831 [debug] [ThreadPool]: On list_anp_fuel_public: ROLLBACK
[0m22:52:55.342270 [debug] [ThreadPool]: On list_anp_fuel_public: Close
[0m22:52:55.345785 [debug] [MainThread]: Using postgres connection "master"
[0m22:52:55.346110 [debug] [MainThread]: On master: /* {"app": "dbt", "dbt_version": "1.12.0", "profile_name": "anp_fuel", "target_name": "dev", "connection_name": "master"} */
select distinct
        dependent_namespace.nspname as dependent_schema,
        dependent_class.relname as dependent_name,
        referenced_namespace.nspname as referenced_schema,
        referenced_class.relname as referenced_name

    -- Query for views: views are entries in pg_class with an entry in pg_rewrite, but we avoid
    -- a seq scan on pg_rewrite by leveraging the fact there is an "internal" row in pg_depend for
    -- the view...
    from pg_class as dependent_class
    join pg_namespace as dependent_namespace on dependent_namespace.oid = dependent_class.relnamespace
    join pg_depend as dependent_depend on dependent_depend.refobjid = dependent_class.oid
        and dependent_depend.classid = 'pg_rewrite'::regclass
        and dependent_depend.refclassid = 'pg_class'::regclass
        and dependent_depend.deptype = 'i'

    -- ... and via pg_depend (that has a row per column, hence the need for "distinct" above, and
    -- making sure to exclude the internal row to avoid a view appearing to depend on itself)...
    join pg_depend as joining_depend on joining_depend.objid = dependent_depend.objid
        and joining_depend.classid = 'pg_rewrite'::regclass
        and joining_depend.refclassid = 'pg_class'::regclass
        and joining_depend.refobjid != dependent_depend.refobjid

    -- ... we can find the tables they query from in pg_class, but excluding system tables. Note we
    -- don't need need to exclude _dependent_ system tables, because they only query from other
    -- system tables, and so are automatically excluded by excluding _referenced_ system tables
    join pg_class as referenced_class on referenced_class.oid = joining_depend.refobjid
    join pg_namespace as referenced_namespace on referenced_namespace.oid = referenced_class.relnamespace
        and referenced_namespace.nspname != 'information_schema'
        and referenced_namespace.nspname not like 'pg\_%'

    order by
        dependent_schema, dependent_name, referenced_schema, referenced_name;
[0m22:52:55.346387 [debug] [MainThread]: Opening a new connection, currently in state init
[0m22:52:55.394477 [debug] [MainThread]: SQL status: SELECT 1 in 0.048 seconds
[0m22:52:55.395644 [debug] [MainThread]: Sending event: {'category': 'dbt', 'action': 'runnable_timing', 'label': '3f16956f-b37c-4a6c-9675-543a5cd1c3cb', 'context': [<snowplow_tracker.self_describing_json.SelfDescribingJson object at 0x00000119FC63D160>]}
[0m22:52:55.396002 [debug] [MainThread]: On master: ROLLBACK
[0m22:52:55.396421 [debug] [MainThread]: On master: COMMIT
[0m22:52:55.396665 [debug] [MainThread]: Using postgres connection "master"
[0m22:52:55.396858 [debug] [MainThread]: On master: COMMIT
[0m22:52:55.397315 [debug] [MainThread]: SQL status: COMMIT in 0.000 seconds
[0m22:52:55.397560 [debug] [MainThread]: On master: Close
[0m22:52:55.402350 [debug] [Thread-1 (]: Began running node test.anp_fuel.accepted_values_stg_precos_produto__GASOLINA__GASOLINA_ADITIVADA__ETANOL__DIESEL__DIESEL_S10__GNV.2f04d79999
[0m22:52:55.402850 [debug] [Thread-3 (]: Began running node test.anp_fuel.not_null_stg_precos_uf.7d9bba4b13
[0m22:52:55.403788 [info ] [Thread-1 (]: 1 of 4 START test accepted_values_stg_precos_produto__GASOLINA__GASOLINA_ADITIVADA__ETANOL__DIESEL__DIESEL_S10__GNV  [RUN]
[0m22:52:55.404827 [debug] [Thread-1 (]: Acquiring new postgres connection 'test.anp_fuel.accepted_values_stg_precos_produto__GASOLINA__GASOLINA_ADITIVADA__ETANOL__DIESEL__DIESEL_S10__GNV.2f04d79999'
[0m22:52:55.403200 [debug] [Thread-4 (]: Began running node test.anp_fuel.not_null_stg_precos_valor_venda.a79f0a5abd
[0m22:52:55.403452 [debug] [Thread-2 (]: Began running node test.anp_fuel.not_null_stg_precos_produto.0e50f38ba6
[0m22:52:55.405178 [debug] [Thread-1 (]: Began compiling node test.anp_fuel.accepted_values_stg_precos_produto__GASOLINA__GASOLINA_ADITIVADA__ETANOL__DIESEL__DIESEL_S10__GNV.2f04d79999
[0m22:52:55.404196 [info ] [Thread-3 (]: 3 of 4 START test not_null_stg_precos_uf ....................................... [RUN]
[0m22:52:55.405519 [info ] [Thread-4 (]: 4 of 4 START test not_null_stg_precos_valor_venda .............................. [RUN]
[0m22:52:55.405821 [info ] [Thread-2 (]: 2 of 4 START test not_null_stg_precos_produto .................................. [RUN]
[0m22:52:55.431437 [debug] [Thread-3 (]: Acquiring new postgres connection 'test.anp_fuel.not_null_stg_precos_uf.7d9bba4b13'
[0m22:52:55.440986 [debug] [Thread-3 (]: Began compiling node test.anp_fuel.not_null_stg_precos_uf.7d9bba4b13
[0m22:52:55.440296 [debug] [Thread-4 (]: Acquiring new postgres connection 'test.anp_fuel.not_null_stg_precos_valor_venda.a79f0a5abd'
[0m22:52:55.440696 [debug] [Thread-2 (]: Acquiring new postgres connection 'test.anp_fuel.not_null_stg_precos_produto.0e50f38ba6'
[0m22:52:55.439723 [debug] [Thread-1 (]: Writing injected SQL for node "test.anp_fuel.accepted_values_stg_precos_produto__GASOLINA__GASOLINA_ADITIVADA__ETANOL__DIESEL__DIESEL_S10__GNV.2f04d79999"
[0m22:52:55.449163 [debug] [Thread-3 (]: Writing injected SQL for node "test.anp_fuel.not_null_stg_precos_uf.7d9bba4b13"
[0m22:52:55.449458 [debug] [Thread-4 (]: Began compiling node test.anp_fuel.not_null_stg_precos_valor_venda.a79f0a5abd
[0m22:52:55.454504 [debug] [Thread-4 (]: Writing injected SQL for node "test.anp_fuel.not_null_stg_precos_valor_venda.a79f0a5abd"
[0m22:52:55.449734 [debug] [Thread-2 (]: Began compiling node test.anp_fuel.not_null_stg_precos_produto.0e50f38ba6
[0m22:52:55.463492 [debug] [Thread-2 (]: Writing injected SQL for node "test.anp_fuel.not_null_stg_precos_produto.0e50f38ba6"
[0m22:52:55.464474 [debug] [Thread-1 (]: Began executing node test.anp_fuel.accepted_values_stg_precos_produto__GASOLINA__GASOLINA_ADITIVADA__ETANOL__DIESEL__DIESEL_S10__GNV.2f04d79999
[0m22:52:55.478222 [debug] [Thread-1 (]: Writing runtime sql for node "test.anp_fuel.accepted_values_stg_precos_produto__GASOLINA__GASOLINA_ADITIVADA__ETANOL__DIESEL__DIESEL_S10__GNV.2f04d79999"
[0m22:52:55.478635 [debug] [Thread-4 (]: Began executing node test.anp_fuel.not_null_stg_precos_valor_venda.a79f0a5abd
[0m22:52:55.479943 [debug] [Thread-4 (]: Writing runtime sql for node "test.anp_fuel.not_null_stg_precos_valor_venda.a79f0a5abd"
[0m22:52:55.480317 [debug] [Thread-3 (]: Began executing node test.anp_fuel.not_null_stg_precos_uf.7d9bba4b13
[0m22:52:55.481415 [debug] [Thread-3 (]: Writing runtime sql for node "test.anp_fuel.not_null_stg_precos_uf.7d9bba4b13"
[0m22:52:55.482053 [debug] [Thread-2 (]: Began executing node test.anp_fuel.not_null_stg_precos_produto.0e50f38ba6
[0m22:52:55.483157 [debug] [Thread-2 (]: Writing runtime sql for node "test.anp_fuel.not_null_stg_precos_produto.0e50f38ba6"
[0m22:52:55.483563 [debug] [Thread-3 (]: Using postgres connection "test.anp_fuel.not_null_stg_precos_uf.7d9bba4b13"
[0m22:52:55.483915 [debug] [Thread-3 (]: On test.anp_fuel.not_null_stg_precos_uf.7d9bba4b13: /* {"app": "dbt", "dbt_version": "1.12.0", "profile_name": "anp_fuel", "target_name": "dev", "node_id": "test.anp_fuel.not_null_stg_precos_uf.7d9bba4b13"} */

    
    select
      count(*) as failures,
      count(*) != 0 as should_warn,
      count(*) != 0 as should_error
    from (
      
    
  
    
    



select uf
from "anp_fuel"."public"."stg_precos"
where uf is null



  
  
      
    ) dbt_internal_test
[0m22:52:55.484160 [debug] [Thread-3 (]: Opening a new connection, currently in state init
[0m22:52:55.484716 [debug] [Thread-2 (]: Using postgres connection "test.anp_fuel.not_null_stg_precos_produto.0e50f38ba6"
[0m22:52:55.485078 [debug] [Thread-2 (]: On test.anp_fuel.not_null_stg_precos_produto.0e50f38ba6: /* {"app": "dbt", "dbt_version": "1.12.0", "profile_name": "anp_fuel", "target_name": "dev", "node_id": "test.anp_fuel.not_null_stg_precos_produto.0e50f38ba6"} */

    
    select
      count(*) as failures,
      count(*) != 0 as should_warn,
      count(*) != 0 as should_error
    from (
      
    
  
    
    



select produto
from "anp_fuel"."public"."stg_precos"
where produto is null



  
  
      
    ) dbt_internal_test
[0m22:52:55.485353 [debug] [Thread-2 (]: Opening a new connection, currently in state init
[0m22:52:55.485900 [debug] [Thread-4 (]: Using postgres connection "test.anp_fuel.not_null_stg_precos_valor_venda.a79f0a5abd"
[0m22:52:55.486383 [debug] [Thread-4 (]: On test.anp_fuel.not_null_stg_precos_valor_venda.a79f0a5abd: /* {"app": "dbt", "dbt_version": "1.12.0", "profile_name": "anp_fuel", "target_name": "dev", "node_id": "test.anp_fuel.not_null_stg_precos_valor_venda.a79f0a5abd"} */

    
    select
      count(*) as failures,
      count(*) != 0 as should_warn,
      count(*) != 0 as should_error
    from (
      
    
  
    
    



select valor_venda
from "anp_fuel"."public"."stg_precos"
where valor_venda is null



  
  
      
    ) dbt_internal_test
[0m22:52:55.486634 [debug] [Thread-4 (]: Opening a new connection, currently in state init
[0m22:52:55.487042 [debug] [Thread-1 (]: Using postgres connection "test.anp_fuel.accepted_values_stg_precos_produto__GASOLINA__GASOLINA_ADITIVADA__ETANOL__DIESEL__DIESEL_S10__GNV.2f04d79999"
[0m22:52:55.487338 [debug] [Thread-1 (]: On test.anp_fuel.accepted_values_stg_precos_produto__GASOLINA__GASOLINA_ADITIVADA__ETANOL__DIESEL__DIESEL_S10__GNV.2f04d79999: /* {"app": "dbt", "dbt_version": "1.12.0", "profile_name": "anp_fuel", "target_name": "dev", "node_id": "test.anp_fuel.accepted_values_stg_precos_produto__GASOLINA__GASOLINA_ADITIVADA__ETANOL__DIESEL__DIESEL_S10__GNV.2f04d79999"} */

    
    select
      count(*) as failures,
      count(*) != 0 as should_warn,
      count(*) != 0 as should_error
    from (
      
    
  
    
    

with all_values as (

    select
        produto as value_field,
        count(*) as n_records

    from "anp_fuel"."public"."stg_precos"
    group by produto

)

select *
from all_values
where value_field not in (
    'GASOLINA','GASOLINA ADITIVADA','ETANOL','DIESEL','DIESEL S10','GNV'
)



  
  
      
    ) dbt_internal_test
[0m22:52:55.487591 [debug] [Thread-1 (]: Opening a new connection, currently in state init
[0m22:52:55.982453 [debug] [Thread-3 (]: SQL status: SELECT 1 in 0.498 seconds
[0m22:52:55.988411 [debug] [Thread-3 (]: On test.anp_fuel.not_null_stg_precos_uf.7d9bba4b13: ROLLBACK
[0m22:52:55.989235 [debug] [Thread-3 (]: On test.anp_fuel.not_null_stg_precos_uf.7d9bba4b13: Close
[0m22:52:55.990112 [info ] [Thread-3 (]: 3 of 4 PASS not_null_stg_precos_uf ............................................. [[32mPASS[0m in 0.56s]
[0m22:52:55.990981 [debug] [Thread-3 (]: Finished running node test.anp_fuel.not_null_stg_precos_uf.7d9bba4b13
[0m22:52:55.993067 [debug] [Thread-2 (]: SQL status: SELECT 1 in 0.508 seconds
[0m22:52:55.994437 [debug] [Thread-2 (]: On test.anp_fuel.not_null_stg_precos_produto.0e50f38ba6: ROLLBACK
[0m22:52:55.994861 [debug] [Thread-4 (]: SQL status: SELECT 1 in 0.508 seconds
[0m22:52:55.995878 [debug] [Thread-4 (]: On test.anp_fuel.not_null_stg_precos_valor_venda.a79f0a5abd: ROLLBACK
[0m22:52:55.996205 [debug] [Thread-2 (]: On test.anp_fuel.not_null_stg_precos_produto.0e50f38ba6: Close
[0m22:52:55.996503 [debug] [Thread-4 (]: On test.anp_fuel.not_null_stg_precos_valor_venda.a79f0a5abd: Close
[0m22:52:55.997088 [info ] [Thread-2 (]: 2 of 4 PASS not_null_stg_precos_produto ........................................ [[32mPASS[0m in 0.56s]
[0m22:52:55.998309 [debug] [Thread-2 (]: Finished running node test.anp_fuel.not_null_stg_precos_produto.0e50f38ba6
[0m22:52:55.997760 [info ] [Thread-4 (]: 4 of 4 PASS not_null_stg_precos_valor_venda .................................... [[32mPASS[0m in 0.56s]
[0m22:52:55.999020 [debug] [Thread-4 (]: Finished running node test.anp_fuel.not_null_stg_precos_valor_venda.a79f0a5abd
[0m22:52:56.072559 [debug] [Thread-1 (]: SQL status: SELECT 1 in 0.585 seconds
[0m22:52:56.073813 [debug] [Thread-1 (]: On test.anp_fuel.accepted_values_stg_precos_produto__GASOLINA__GASOLINA_ADITIVADA__ETANOL__DIESEL__DIESEL_S10__GNV.2f04d79999: ROLLBACK
[0m22:52:56.074353 [debug] [Thread-1 (]: On test.anp_fuel.accepted_values_stg_precos_produto__GASOLINA__GASOLINA_ADITIVADA__ETANOL__DIESEL__DIESEL_S10__GNV.2f04d79999: Close
[0m22:52:56.074926 [info ] [Thread-1 (]: 1 of 4 PASS accepted_values_stg_precos_produto__GASOLINA__GASOLINA_ADITIVADA__ETANOL__DIESEL__DIESEL_S10__GNV  [[32mPASS[0m in 0.67s]
[0m22:52:56.075579 [debug] [Thread-1 (]: Finished running node test.anp_fuel.accepted_values_stg_precos_produto__GASOLINA__GASOLINA_ADITIVADA__ETANOL__DIESEL__DIESEL_S10__GNV.2f04d79999
[0m22:52:56.076986 [debug] [MainThread]: On master: COMMIT
[0m22:52:56.077230 [debug] [MainThread]: Using postgres connection "master"
[0m22:52:56.077501 [debug] [MainThread]: On master: COMMIT
[0m22:52:56.077703 [debug] [MainThread]: Opening a new connection, currently in state closed
[0m22:52:56.218374 [debug] [MainThread]: SQL status: COMMIT in 0.141 seconds
[0m22:52:56.218841 [debug] [MainThread]: On master: Close
[0m22:52:56.219215 [debug] [MainThread]: Connection 'master' was properly closed.
[0m22:52:56.219416 [debug] [MainThread]: Connection 'list_anp_fuel_public' was properly closed.
[0m22:52:56.219659 [debug] [MainThread]: Connection 'test.anp_fuel.accepted_values_stg_precos_produto__GASOLINA__GASOLINA_ADITIVADA__ETANOL__DIESEL__DIESEL_S10__GNV.2f04d79999' was properly closed.
[0m22:52:56.219840 [debug] [MainThread]: Connection 'test.anp_fuel.not_null_stg_precos_uf.7d9bba4b13' was properly closed.
[0m22:52:56.219991 [debug] [MainThread]: Connection 'test.anp_fuel.not_null_stg_precos_valor_venda.a79f0a5abd' was properly closed.
[0m22:52:56.220138 [debug] [MainThread]: Connection 'test.anp_fuel.not_null_stg_precos_produto.0e50f38ba6' was properly closed.
[0m22:52:56.220345 [info ] [MainThread]: 
[0m22:52:56.220839 [info ] [MainThread]: Finished running 4 data tests in 0 hours 0 minutes and 0.98 seconds (0.98s).
[0m22:52:56.221960 [debug] [MainThread]: Command end result
[0m22:52:56.248068 [debug] [MainThread]: Wrote artifact WritableManifest to D:\ESTUDOS\projetos\anp-fuel\dbt\target\manifest.json
[0m22:52:56.250893 [debug] [MainThread]: Wrote artifact SemanticManifest to D:\ESTUDOS\projetos\anp-fuel\dbt\target\semantic_manifest.json
[0m22:52:56.253277 [debug] [MainThread]: Wrote artifact OsiDocument to D:\ESTUDOS\projetos\anp-fuel\dbt\target\osi_document.json
[0m22:52:56.261121 [debug] [MainThread]: Wrote artifact RunExecutionResult to D:\ESTUDOS\projetos\anp-fuel\dbt\target\run_results.json
[0m22:52:56.261797 [info ] [MainThread]: 
[0m22:52:56.262762 [info ] [MainThread]: [32mCompleted successfully[0m
[0m22:52:56.263370 [info ] [MainThread]: 
[0m22:52:56.263832 [info ] [MainThread]: Done. PASS=4 WARN=0 ERROR=0 SKIP=0 NO-OP=0 REUSED=0 TOTAL=4
[0m22:52:56.265683 [debug] [MainThread]: Command `dbt test` succeeded at 22:52:56.265525 after 1.91 seconds
[0m22:52:56.266077 [debug] [MainThread]: Sending event: {'category': 'dbt', 'action': 'invocation', 'label': 'end', 'context': [<snowplow_tracker.self_describing_json.SelfDescribingJson object at 0x00000119FB1C2E10>, <snowplow_tracker.self_describing_json.SelfDescribingJson object at 0x00000119F84AE360>, <snowplow_tracker.self_describing_json.SelfDescribingJson object at 0x00000119FC56DBD0>]}
[0m22:52:56.266408 [debug] [MainThread]: Flushing usage events
[0m22:52:56.880824 [debug] [MainThread]: An error was encountered while trying to flush usage events
[0m23:26:01.754738 [debug] [MainThread]: Sending event: {'category': 'dbt', 'action': 'invocation', 'label': 'start', 'context': [<snowplow_tracker.self_describing_json.SelfDescribingJson object at 0x000001CAB3B70830>, <snowplow_tracker.self_describing_json.SelfDescribingJson object at 0x000001CAB13E91D0>, <snowplow_tracker.self_describing_json.SelfDescribingJson object at 0x000001CAB64039D0>]}


============================== 23:26:01.759494 | dcdfa259-578f-429b-84fd-acf58f002ba3 ==============================
[0m23:26:01.759494 [info ] [MainThread]: Running with dbt=1.12.0
[0m23:26:01.760095 [debug] [MainThread]: running dbt with arguments {'static_parser': 'True', 'no_print': 'None', 'version_check': 'True', 'warn_error_options': 'WarnErrorOptionsV2(error=[], warn=[], silence=[])', 'maximum_seed_size_mib': '1', 'target_path': 'None', 'printer_width': '80', 'write_json': 'True', 'introspect': 'True', 'log_cache_events': 'False', 'empty': 'False', 'cache_selected_only': 'False', 'fail_fast': 'False', 'debug': 'False', 'log_format': 'default', 'partial_parse': 'True', 'send_anonymous_usage_stats': 'True', 'quiet': 'False', 'warn_error': 'None', 'profiles_dir': 'C:\\Users\\arauj\\.dbt', 'indirect_selection': 'eager', 'hints_enabled': 'True', 'use_colors': 'True', 'use_experimental_parser': 'False', 'invocation_command': 'dbt run', 'log_path': 'D:\\ESTUDOS\\projetos\\anp-fuel\\dbt\\logs'}
[0m23:26:01.931269 [debug] [MainThread]: Sending event: {'category': 'dbt', 'action': 'project_id', 'label': 'dcdfa259-578f-429b-84fd-acf58f002ba3', 'context': [<snowplow_tracker.self_describing_json.SelfDescribingJson object at 0x000001CAB638A8B0>]}
[0m23:26:01.984571 [debug] [MainThread]: Sending event: {'category': 'dbt', 'action': 'adapter_info', 'label': 'dcdfa259-578f-429b-84fd-acf58f002ba3', 'context': [<snowplow_tracker.self_describing_json.SelfDescribingJson object at 0x000001CAB1393F00>]}
[0m23:26:01.985952 [info ] [MainThread]: Registered adapter: postgres=1.11.0
[0m23:26:02.153986 [debug] [MainThread]: checksum: a2adc26f75378a8eb99e8d8f91a2a8f9ec58712ce43e4c142f0908dcdb265eb1, vars: {}, profile: anp_fuel, target: dev, version: 1.12.0
[0m23:26:02.284737 [debug] [MainThread]: Partial parsing enabled: 0 files deleted, 4 files added, 0 files changed.
[0m23:26:02.285187 [debug] [MainThread]: Partial parsing: added file: anp_fuel://models\marts\gold_etanol_vs_gasolina.sql
[0m23:26:02.285448 [debug] [MainThread]: Partial parsing: added file: anp_fuel://models\marts\gold_variacao_mensal.sql
[0m23:26:02.285660 [debug] [MainThread]: Partial parsing: added file: anp_fuel://models\marts\gold_ranking_bandeiras.sql
[0m23:26:02.285903 [debug] [MainThread]: Partial parsing: added file: anp_fuel://models\marts\schema.yml
[0m23:26:02.694802 [warn ] [MainThread]: [[33mWARNING[0m][MissingArgumentsPropertyInGenericTestDeprecation]: Deprecated
functionality
Found top-level arguments to test `accepted_values` defined on
'gold_etanol_vs_gasolina' in package 'anp_fuel' (models\marts\schema.yml).
Arguments to generic tests should be nested under the `arguments` property.
[0m23:26:02.695471 [debug] [MainThread]: Sending event: {'category': 'dbt', 'action': 'deprecation', 'label': 'dcdfa259-578f-429b-84fd-acf58f002ba3', 'property_': 'warn', 'context': [<snowplow_tracker.self_describing_json.SelfDescribingJson object at 0x000001CAB6DC8250>]}
[0m23:26:02.769185 [debug] [MainThread]: Sending event: {'category': 'dbt', 'action': 'load_project', 'label': 'dcdfa259-578f-429b-84fd-acf58f002ba3', 'context': [<snowplow_tracker.self_describing_json.SelfDescribingJson object at 0x000001CAB6F3B200>]}
[0m23:26:02.856795 [debug] [MainThread]: Wrote artifact WritableManifest to D:\ESTUDOS\projetos\anp-fuel\dbt\target\manifest.json
[0m23:26:02.860528 [debug] [MainThread]: Wrote artifact SemanticManifest to D:\ESTUDOS\projetos\anp-fuel\dbt\target\semantic_manifest.json
[0m23:26:02.883555 [debug] [MainThread]: Wrote artifact OsiDocument to D:\ESTUDOS\projetos\anp-fuel\dbt\target\osi_document.json
[0m23:26:02.895605 [debug] [MainThread]: Sending event: {'category': 'dbt', 'action': 'resource_counts', 'label': 'dcdfa259-578f-429b-84fd-acf58f002ba3', 'context': [<snowplow_tracker.self_describing_json.SelfDescribingJson object at 0x000001CAB70299B0>]}
[0m23:26:02.896029 [info ] [MainThread]: Found 5 models, 8 data tests, 1 source, 477 macros
[0m23:26:02.896449 [debug] [MainThread]: Sending event: {'category': 'dbt', 'action': 'runnable_timing', 'label': 'dcdfa259-578f-429b-84fd-acf58f002ba3', 'context': [<snowplow_tracker.self_describing_json.SelfDescribingJson object at 0x000001CAB70B2D00>]}
[0m23:26:02.898353 [info ] [MainThread]: 
[0m23:26:02.898690 [info ] [MainThread]: Concurrency: 4 threads (target='dev')
[0m23:26:02.898956 [info ] [MainThread]: 
[0m23:26:02.899354 [debug] [MainThread]: Acquiring new postgres connection 'master'
[0m23:26:02.902743 [debug] [ThreadPool]: Acquiring new postgres connection 'list_anp_fuel'
[0m23:26:02.951655 [debug] [ThreadPool]: Using postgres connection "list_anp_fuel"
[0m23:26:02.952001 [debug] [ThreadPool]: On list_anp_fuel: /* {"app": "dbt", "dbt_version": "1.12.0", "profile_name": "anp_fuel", "target_name": "dev", "connection_name": "list_anp_fuel"} */

    select distinct nspname from pg_namespace
  
[0m23:26:02.952218 [debug] [ThreadPool]: Opening a new connection, currently in state init
[0m23:26:03.001303 [debug] [ThreadPool]: SQL status: SELECT 4 in 0.049 seconds
[0m23:26:03.002399 [debug] [ThreadPool]: On list_anp_fuel: Close
[0m23:26:03.004093 [debug] [ThreadPool]: Acquiring new postgres connection 'list_anp_fuel_public'
[0m23:26:03.008536 [debug] [ThreadPool]: Using postgres connection "list_anp_fuel_public"
[0m23:26:03.008846 [debug] [ThreadPool]: On list_anp_fuel_public: /* {"app": "dbt", "dbt_version": "1.12.0", "profile_name": "anp_fuel", "target_name": "dev", "connection_name": "list_anp_fuel_public"} */
select
      'anp_fuel' as database,
      tablename as name,
      schemaname as schema,
      'table' as type
    from pg_tables
    where schemaname ilike 'public'
    union all
    select
      'anp_fuel' as database,
      viewname as name,
      schemaname as schema,
      'view' as type
    from pg_views
    where schemaname ilike 'public'
    union all
    select
      'anp_fuel' as database,
      matviewname as name,
      schemaname as schema,
      'materialized_view' as type
    from pg_matviews
    where schemaname ilike 'public'
    union all
    select distinct
     'anp_fuel' as database,
     proname as name,
     ns.nspname as schema,
     'function' as type
    from pg_proc
     join pg_namespace as ns on pronamespace = ns.oid
    where ns.nspname ilike 'public'
  
[0m23:26:03.009082 [debug] [ThreadPool]: Opening a new connection, currently in state init
[0m23:26:03.051360 [debug] [ThreadPool]: SQL status: SELECT 3 in 0.042 seconds
[0m23:26:03.052501 [debug] [ThreadPool]: On list_anp_fuel_public: ROLLBACK
[0m23:26:03.052939 [debug] [ThreadPool]: On list_anp_fuel_public: Close
[0m23:26:03.056749 [debug] [MainThread]: Using postgres connection "master"
[0m23:26:03.057086 [debug] [MainThread]: On master: /* {"app": "dbt", "dbt_version": "1.12.0", "profile_name": "anp_fuel", "target_name": "dev", "connection_name": "master"} */
select distinct
        dependent_namespace.nspname as dependent_schema,
        dependent_class.relname as dependent_name,
        referenced_namespace.nspname as referenced_schema,
        referenced_class.relname as referenced_name

    -- Query for views: views are entries in pg_class with an entry in pg_rewrite, but we avoid
    -- a seq scan on pg_rewrite by leveraging the fact there is an "internal" row in pg_depend for
    -- the view...
    from pg_class as dependent_class
    join pg_namespace as dependent_namespace on dependent_namespace.oid = dependent_class.relnamespace
    join pg_depend as dependent_depend on dependent_depend.refobjid = dependent_class.oid
        and dependent_depend.classid = 'pg_rewrite'::regclass
        and dependent_depend.refclassid = 'pg_class'::regclass
        and dependent_depend.deptype = 'i'

    -- ... and via pg_depend (that has a row per column, hence the need for "distinct" above, and
    -- making sure to exclude the internal row to avoid a view appearing to depend on itself)...
    join pg_depend as joining_depend on joining_depend.objid = dependent_depend.objid
        and joining_depend.classid = 'pg_rewrite'::regclass
        and joining_depend.refclassid = 'pg_class'::regclass
        and joining_depend.refobjid != dependent_depend.refobjid

    -- ... we can find the tables they query from in pg_class, but excluding system tables. Note we
    -- don't need need to exclude _dependent_ system tables, because they only query from other
    -- system tables, and so are automatically excluded by excluding _referenced_ system tables
    join pg_class as referenced_class on referenced_class.oid = joining_depend.refobjid
    join pg_namespace as referenced_namespace on referenced_namespace.oid = referenced_class.relnamespace
        and referenced_namespace.nspname != 'information_schema'
        and referenced_namespace.nspname not like 'pg\_%'

    order by
        dependent_schema, dependent_name, referenced_schema, referenced_name;
[0m23:26:03.057427 [debug] [MainThread]: Opening a new connection, currently in state init
[0m23:26:03.098524 [debug] [MainThread]: SQL status: SELECT 1 in 0.041 seconds
[0m23:26:03.099764 [debug] [MainThread]: Sending event: {'category': 'dbt', 'action': 'runnable_timing', 'label': 'dcdfa259-578f-429b-84fd-acf58f002ba3', 'context': [<snowplow_tracker.self_describing_json.SelfDescribingJson object at 0x000001CAB70171D0>]}
[0m23:26:03.100145 [debug] [MainThread]: On master: ROLLBACK
[0m23:26:03.100503 [debug] [MainThread]: On master: COMMIT
[0m23:26:03.100795 [debug] [MainThread]: Using postgres connection "master"
[0m23:26:03.101037 [debug] [MainThread]: On master: COMMIT
[0m23:26:03.101517 [debug] [MainThread]: SQL status: COMMIT in 0.000 seconds
[0m23:26:03.101777 [debug] [MainThread]: On master: Close
[0m23:26:03.106565 [debug] [Thread-1 (]: Began running node model.anp_fuel.stg_precos
[0m23:26:03.107048 [info ] [Thread-1 (]: 1 of 5 START sql view model public.stg_precos .................................. [RUN]
[0m23:26:03.107558 [debug] [Thread-1 (]: Acquiring new postgres connection 'model.anp_fuel.stg_precos'
[0m23:26:03.107824 [debug] [Thread-1 (]: Began compiling node model.anp_fuel.stg_precos
[0m23:26:03.112597 [debug] [Thread-1 (]: Writing injected SQL for node "model.anp_fuel.stg_precos"
[0m23:26:03.113206 [debug] [Thread-1 (]: Began executing node model.anp_fuel.stg_precos
[0m23:26:03.143457 [debug] [Thread-1 (]: Writing runtime sql for node "model.anp_fuel.stg_precos"
[0m23:26:03.144245 [debug] [Thread-1 (]: Using postgres connection "model.anp_fuel.stg_precos"
[0m23:26:03.144570 [debug] [Thread-1 (]: On model.anp_fuel.stg_precos: /* {"app": "dbt", "dbt_version": "1.12.0", "profile_name": "anp_fuel", "target_name": "dev", "node_id": "model.anp_fuel.stg_precos"} */

  create view "anp_fuel"."public"."stg_precos__dbt_tmp"
    
    
  as (
    -- Staging: ponte padronizada entre a fonte e os modelos analíticos.
-- Regra: só renomes leves, casts e derivações simples. Nada de agregação.

SELECT
    id,
    revenda,
    cnpj,
    regiao,
    uf,
    cidade,
    bairro,
    produto,
    data_coleta,
    valor_venda,
    bandeira,
    DATE_TRUNC('month', data_coleta)::date AS mes_coleta
FROM "anp_fuel"."public"."precos_combustiveis"
  );
[0m23:26:03.144835 [debug] [Thread-1 (]: Opening a new connection, currently in state init
[0m23:26:03.268292 [debug] [Thread-1 (]: SQL status: CREATE VIEW in 0.123 seconds
[0m23:26:03.273209 [debug] [Thread-1 (]: Using postgres connection "model.anp_fuel.stg_precos"
[0m23:26:03.273515 [debug] [Thread-1 (]: On model.anp_fuel.stg_precos: /* {"app": "dbt", "dbt_version": "1.12.0", "profile_name": "anp_fuel", "target_name": "dev", "node_id": "model.anp_fuel.stg_precos"} */
alter table "anp_fuel"."public"."stg_precos" rename to "stg_precos__dbt_backup"
[0m23:26:03.274432 [debug] [Thread-1 (]: SQL status: ALTER TABLE in 0.001 seconds
[0m23:26:03.276029 [debug] [Thread-1 (]: Using postgres connection "model.anp_fuel.stg_precos"
[0m23:26:03.276304 [debug] [Thread-1 (]: On model.anp_fuel.stg_precos: /* {"app": "dbt", "dbt_version": "1.12.0", "profile_name": "anp_fuel", "target_name": "dev", "node_id": "model.anp_fuel.stg_precos"} */
alter table "anp_fuel"."public"."stg_precos__dbt_tmp" rename to "stg_precos"
[0m23:26:03.276898 [debug] [Thread-1 (]: SQL status: ALTER TABLE in 0.000 seconds
[0m23:26:03.291120 [debug] [Thread-1 (]: On model.anp_fuel.stg_precos: COMMIT
[0m23:26:03.291453 [debug] [Thread-1 (]: Using postgres connection "model.anp_fuel.stg_precos"
[0m23:26:03.291713 [debug] [Thread-1 (]: On model.anp_fuel.stg_precos: COMMIT
[0m23:26:03.292941 [debug] [Thread-1 (]: SQL status: COMMIT in 0.001 seconds
[0m23:26:03.297542 [debug] [Thread-1 (]: Applying DROP to: "anp_fuel"."public"."stg_precos__dbt_backup"
[0m23:26:03.300941 [debug] [Thread-1 (]: Using postgres connection "model.anp_fuel.stg_precos"
[0m23:26:03.301206 [debug] [Thread-1 (]: On model.anp_fuel.stg_precos: /* {"app": "dbt", "dbt_version": "1.12.0", "profile_name": "anp_fuel", "target_name": "dev", "node_id": "model.anp_fuel.stg_precos"} */
drop view if exists "anp_fuel"."public"."stg_precos__dbt_backup" cascade
[0m23:26:03.310714 [debug] [Thread-1 (]: SQL status: DROP VIEW in 0.009 seconds
[0m23:26:03.312670 [debug] [Thread-1 (]: On model.anp_fuel.stg_precos: Close
[0m23:26:03.314406 [debug] [Thread-1 (]: Sending event: {'category': 'dbt', 'action': 'run_model', 'label': 'dcdfa259-578f-429b-84fd-acf58f002ba3', 'context': [<snowplow_tracker.self_describing_json.SelfDescribingJson object at 0x000001CAB4005BD0>]}
[0m23:26:03.314933 [info ] [Thread-1 (]: 1 of 5 OK created sql view model public.stg_precos ............................. [[32mCREATE VIEW[0m in 0.21s]
[0m23:26:03.315718 [debug] [Thread-1 (]: Finished running node model.anp_fuel.stg_precos
[0m23:26:03.316494 [debug] [Thread-3 (]: Began running node model.anp_fuel.gold_preco_mensal_uf
[0m23:26:03.316791 [debug] [Thread-1 (]: Began running node model.anp_fuel.gold_variacao_mensal
[0m23:26:03.317101 [debug] [Thread-4 (]: Began running node model.anp_fuel.gold_ranking_bandeiras
[0m23:26:03.317382 [debug] [Thread-2 (]: Began running node model.anp_fuel.gold_etanol_vs_gasolina
[0m23:26:03.317734 [info ] [Thread-3 (]: 3 of 5 START sql table model public.gold_preco_mensal_uf ....................... [RUN]
[0m23:26:03.319463 [debug] [Thread-3 (]: Acquiring new postgres connection 'model.anp_fuel.gold_preco_mensal_uf'
[0m23:26:03.319767 [debug] [Thread-3 (]: Began compiling node model.anp_fuel.gold_preco_mensal_uf
[0m23:26:03.318236 [info ] [Thread-1 (]: 5 of 5 START sql table model public.gold_variacao_mensal ....................... [RUN]
[0m23:26:03.318639 [info ] [Thread-4 (]: 4 of 5 START sql table model public.gold_ranking_bandeiras ..................... [RUN]
[0m23:26:03.322206 [debug] [Thread-4 (]: Acquiring new postgres connection 'model.anp_fuel.gold_ranking_bandeiras'
[0m23:26:03.322526 [debug] [Thread-4 (]: Began compiling node model.anp_fuel.gold_ranking_bandeiras
[0m23:26:03.324040 [debug] [Thread-4 (]: Writing injected SQL for node "model.anp_fuel.gold_ranking_bandeiras"
[0m23:26:03.321293 [debug] [Thread-3 (]: Writing injected SQL for node "model.anp_fuel.gold_preco_mensal_uf"
[0m23:26:03.318959 [info ] [Thread-2 (]: 2 of 5 START sql table model public.gold_etanol_vs_gasolina .................... [RUN]
[0m23:26:03.321793 [debug] [Thread-1 (]: Re-using an available connection from the pool (formerly model.anp_fuel.stg_precos, now model.anp_fuel.gold_variacao_mensal)
[0m23:26:03.324990 [debug] [Thread-1 (]: Began compiling node model.anp_fuel.gold_variacao_mensal
[0m23:26:03.326511 [debug] [Thread-1 (]: Writing injected SQL for node "model.anp_fuel.gold_variacao_mensal"
[0m23:26:03.324671 [debug] [Thread-2 (]: Acquiring new postgres connection 'model.anp_fuel.gold_etanol_vs_gasolina'
[0m23:26:03.327547 [debug] [Thread-2 (]: Began compiling node model.anp_fuel.gold_etanol_vs_gasolina
[0m23:26:03.329421 [debug] [Thread-2 (]: Writing injected SQL for node "model.anp_fuel.gold_etanol_vs_gasolina"
[0m23:26:03.327055 [debug] [Thread-3 (]: Began executing node model.anp_fuel.gold_preco_mensal_uf
[0m23:26:03.350032 [debug] [Thread-3 (]: Writing runtime sql for node "model.anp_fuel.gold_preco_mensal_uf"
[0m23:26:03.350612 [debug] [Thread-4 (]: Began executing node model.anp_fuel.gold_ranking_bandeiras
[0m23:26:03.353405 [debug] [Thread-4 (]: Writing runtime sql for node "model.anp_fuel.gold_ranking_bandeiras"
[0m23:26:03.351018 [debug] [Thread-1 (]: Began executing node model.anp_fuel.gold_variacao_mensal
[0m23:26:03.356566 [debug] [Thread-1 (]: Writing runtime sql for node "model.anp_fuel.gold_variacao_mensal"
[0m23:26:03.353941 [debug] [Thread-2 (]: Began executing node model.anp_fuel.gold_etanol_vs_gasolina
[0m23:26:03.360060 [debug] [Thread-2 (]: Writing runtime sql for node "model.anp_fuel.gold_etanol_vs_gasolina"
[0m23:26:03.357111 [debug] [Thread-3 (]: Using postgres connection "model.anp_fuel.gold_preco_mensal_uf"
[0m23:26:03.361022 [debug] [Thread-3 (]: On model.anp_fuel.gold_preco_mensal_uf: /* {"app": "dbt", "dbt_version": "1.12.0", "profile_name": "anp_fuel", "target_name": "dev", "node_id": "model.anp_fuel.gold_preco_mensal_uf"} */

  
    

  create  table "anp_fuel"."public"."gold_preco_mensal_uf__dbt_tmp"
  
  
    as
  
  (
    -- Preço médio mensal por UF e produto — tabela pronta para análise/dashboard.

SELECT
    uf,
    produto,
    mes_coleta,
    ROUND(AVG(valor_venda), 3) AS preco_medio,
    MIN(valor_venda)           AS preco_min,
    MAX(valor_venda)           AS preco_max,
    COUNT(*)                   AS qtd_coletas
FROM "anp_fuel"."public"."stg_precos"
GROUP BY uf, produto, mes_coleta
  );
  
[0m23:26:03.362019 [debug] [Thread-3 (]: Opening a new connection, currently in state init
[0m23:26:03.362512 [debug] [Thread-1 (]: Using postgres connection "model.anp_fuel.gold_variacao_mensal"
[0m23:26:03.362858 [debug] [Thread-1 (]: On model.anp_fuel.gold_variacao_mensal: /* {"app": "dbt", "dbt_version": "1.12.0", "profile_name": "anp_fuel", "target_name": "dev", "node_id": "model.anp_fuel.gold_variacao_mensal"} */

  
    

  create  table "anp_fuel"."public"."gold_variacao_mensal__dbt_tmp"
  
  
    as
  
  (
    -- Variação percentual do preço médio mês a mês, por UF e produto.
-- Exercita: LAG (comparação com o período anterior).

WITH mensal AS (
    SELECT
        uf,
        produto,
        mes_coleta,
        AVG(valor_venda) AS preco_medio
    FROM "anp_fuel"."public"."stg_precos"
    GROUP BY uf, produto, mes_coleta
)

SELECT
    uf,
    produto,
    mes_coleta,
    ROUND(preco_medio, 3) AS preco_medio,
    ROUND(
        100.0 * (preco_medio - LAG(preco_medio) OVER w) / LAG(preco_medio) OVER w,
        2
    ) AS variacao_pct
FROM mensal
WINDOW w AS (PARTITION BY uf, produto ORDER BY mes_coleta)
  );
  
[0m23:26:03.361627 [debug] [Thread-4 (]: Using postgres connection "model.anp_fuel.gold_ranking_bandeiras"
[0m23:26:03.363500 [debug] [Thread-4 (]: On model.anp_fuel.gold_ranking_bandeiras: /* {"app": "dbt", "dbt_version": "1.12.0", "profile_name": "anp_fuel", "target_name": "dev", "node_id": "model.anp_fuel.gold_ranking_bandeiras"} */

  
    

  create  table "anp_fuel"."public"."gold_ranking_bandeiras__dbt_tmp"
  
  
    as
  
  (
    -- Participação de cada bandeira no total de coletas, por UF.
-- Exercita: window functions (participação percentual e ranking).

SELECT
    uf,
    bandeira,
    COUNT(*)                                          AS qtd_coletas,
    COUNT(DISTINCT cnpj)                              AS qtd_postos,
    ROUND(
        100.0 * COUNT(*) / SUM(COUNT(*)) OVER (PARTITION BY uf),
        2
    )                                                 AS participacao_pct,
    RANK() OVER (PARTITION BY uf ORDER BY COUNT(*) DESC) AS posicao
FROM "anp_fuel"."public"."stg_precos"
GROUP BY uf, bandeira
  );
  
[0m23:26:03.363864 [debug] [Thread-4 (]: Opening a new connection, currently in state init
[0m23:26:03.364167 [debug] [Thread-2 (]: Using postgres connection "model.anp_fuel.gold_etanol_vs_gasolina"
[0m23:26:03.363150 [debug] [Thread-1 (]: Opening a new connection, currently in state closed
[0m23:26:03.364574 [debug] [Thread-2 (]: On model.anp_fuel.gold_etanol_vs_gasolina: /* {"app": "dbt", "dbt_version": "1.12.0", "profile_name": "anp_fuel", "target_name": "dev", "node_id": "model.anp_fuel.gold_etanol_vs_gasolina"} */

  
    

  create  table "anp_fuel"."public"."gold_etanol_vs_gasolina__dbt_tmp"
  
  
    as
  
  (
    -- Compara preço médio mensal de etanol e gasolina por UF e aplica a
-- regra dos 70%: etanol compensa se custar até 70% da gasolina
-- (por render ~30% menos por litro).

WITH precos_mensais AS (
    SELECT
        uf,
        mes_coleta,
        produto,
        AVG(valor_venda) AS preco_medio
    FROM "anp_fuel"."public"."stg_precos"
    WHERE produto IN ('ETANOL', 'GASOLINA')
    GROUP BY uf, mes_coleta, produto
),

pivotado AS (
    SELECT
        uf,
        mes_coleta,
        MAX(CASE WHEN produto = 'ETANOL'   THEN preco_medio END) AS preco_etanol,
        MAX(CASE WHEN produto = 'GASOLINA' THEN preco_medio END) AS preco_gasolina
    FROM precos_mensais
    GROUP BY uf, mes_coleta
)

SELECT
    uf,
    mes_coleta,
    ROUND(preco_etanol, 3)                       AS preco_etanol,
    ROUND(preco_gasolina, 3)                     AS preco_gasolina,
    ROUND(preco_etanol / preco_gasolina, 4)      AS razao_etanol_gasolina,
    CASE
        WHEN preco_etanol / preco_gasolina <= 0.70 THEN 'ETANOL'
        ELSE 'GASOLINA'
    END                                          AS combustivel_vantajoso
FROM pivotado
WHERE preco_etanol IS NOT NULL
  AND preco_gasolina IS NOT NULL
  );
  
[0m23:26:03.364993 [debug] [Thread-2 (]: Opening a new connection, currently in state init
[0m23:26:04.642966 [debug] [Thread-2 (]: SQL status: SELECT 1134 in 1.278 seconds
[0m23:26:04.649888 [debug] [Thread-2 (]: Using postgres connection "model.anp_fuel.gold_etanol_vs_gasolina"
[0m23:26:04.650375 [debug] [Thread-2 (]: On model.anp_fuel.gold_etanol_vs_gasolina: /* {"app": "dbt", "dbt_version": "1.12.0", "profile_name": "anp_fuel", "target_name": "dev", "node_id": "model.anp_fuel.gold_etanol_vs_gasolina"} */
alter table "anp_fuel"."public"."gold_etanol_vs_gasolina__dbt_tmp" rename to "gold_etanol_vs_gasolina"
[0m23:26:04.651528 [debug] [Thread-2 (]: SQL status: ALTER TABLE in 0.001 seconds
[0m23:26:04.652981 [debug] [Thread-2 (]: On model.anp_fuel.gold_etanol_vs_gasolina: COMMIT
[0m23:26:04.653337 [debug] [Thread-2 (]: Using postgres connection "model.anp_fuel.gold_etanol_vs_gasolina"
[0m23:26:04.653620 [debug] [Thread-2 (]: On model.anp_fuel.gold_etanol_vs_gasolina: COMMIT
[0m23:26:04.655640 [debug] [Thread-2 (]: SQL status: COMMIT in 0.002 seconds
[0m23:26:04.657577 [debug] [Thread-2 (]: Applying DROP to: "anp_fuel"."public"."gold_etanol_vs_gasolina__dbt_backup"
[0m23:26:04.660131 [debug] [Thread-2 (]: Using postgres connection "model.anp_fuel.gold_etanol_vs_gasolina"
[0m23:26:04.660519 [debug] [Thread-2 (]: On model.anp_fuel.gold_etanol_vs_gasolina: /* {"app": "dbt", "dbt_version": "1.12.0", "profile_name": "anp_fuel", "target_name": "dev", "node_id": "model.anp_fuel.gold_etanol_vs_gasolina"} */
drop table if exists "anp_fuel"."public"."gold_etanol_vs_gasolina__dbt_backup" cascade
[0m23:26:04.662320 [debug] [Thread-2 (]: SQL status: DROP TABLE in 0.001 seconds
[0m23:26:04.664041 [debug] [Thread-2 (]: On model.anp_fuel.gold_etanol_vs_gasolina: Close
[0m23:26:04.664923 [debug] [Thread-2 (]: Sending event: {'category': 'dbt', 'action': 'run_model', 'label': 'dcdfa259-578f-429b-84fd-acf58f002ba3', 'context': [<snowplow_tracker.self_describing_json.SelfDescribingJson object at 0x000001CAB73F9BD0>]}
[0m23:26:04.665593 [info ] [Thread-2 (]: 2 of 5 OK created sql table model public.gold_etanol_vs_gasolina ............... [[32mSELECT 1134[0m in 1.34s]
[0m23:26:04.666413 [debug] [Thread-2 (]: Finished running node model.anp_fuel.gold_etanol_vs_gasolina
[0m23:26:04.684483 [debug] [Thread-1 (]: SQL status: SELECT 6403 in 1.321 seconds
[0m23:26:04.689623 [debug] [Thread-1 (]: Using postgres connection "model.anp_fuel.gold_variacao_mensal"
[0m23:26:04.690249 [debug] [Thread-1 (]: On model.anp_fuel.gold_variacao_mensal: /* {"app": "dbt", "dbt_version": "1.12.0", "profile_name": "anp_fuel", "target_name": "dev", "node_id": "model.anp_fuel.gold_variacao_mensal"} */
alter table "anp_fuel"."public"."gold_variacao_mensal__dbt_tmp" rename to "gold_variacao_mensal"
[0m23:26:04.691652 [debug] [Thread-1 (]: SQL status: ALTER TABLE in 0.001 seconds
[0m23:26:04.693417 [debug] [Thread-1 (]: On model.anp_fuel.gold_variacao_mensal: COMMIT
[0m23:26:04.693918 [debug] [Thread-1 (]: Using postgres connection "model.anp_fuel.gold_variacao_mensal"
[0m23:26:04.694408 [debug] [Thread-1 (]: On model.anp_fuel.gold_variacao_mensal: COMMIT
[0m23:26:04.697647 [debug] [Thread-1 (]: SQL status: COMMIT in 0.003 seconds
[0m23:26:04.700516 [debug] [Thread-1 (]: Applying DROP to: "anp_fuel"."public"."gold_variacao_mensal__dbt_backup"
[0m23:26:04.701750 [debug] [Thread-1 (]: Using postgres connection "model.anp_fuel.gold_variacao_mensal"
[0m23:26:04.702242 [debug] [Thread-1 (]: On model.anp_fuel.gold_variacao_mensal: /* {"app": "dbt", "dbt_version": "1.12.0", "profile_name": "anp_fuel", "target_name": "dev", "node_id": "model.anp_fuel.gold_variacao_mensal"} */
drop table if exists "anp_fuel"."public"."gold_variacao_mensal__dbt_backup" cascade
[0m23:26:04.704588 [debug] [Thread-1 (]: SQL status: DROP TABLE in 0.002 seconds
[0m23:26:04.706724 [debug] [Thread-1 (]: On model.anp_fuel.gold_variacao_mensal: Close
[0m23:26:04.707774 [debug] [Thread-1 (]: Sending event: {'category': 'dbt', 'action': 'run_model', 'label': 'dcdfa259-578f-429b-84fd-acf58f002ba3', 'context': [<snowplow_tracker.self_describing_json.SelfDescribingJson object at 0x000001CAB7442DD0>]}
[0m23:26:04.708681 [info ] [Thread-1 (]: 5 of 5 OK created sql table model public.gold_variacao_mensal .................. [[32mSELECT 6403[0m in 1.39s]
[0m23:26:04.709617 [debug] [Thread-1 (]: Finished running node model.anp_fuel.gold_variacao_mensal
[0m23:26:04.777214 [debug] [Thread-3 (]: SQL status: SELECT 6403 in 1.415 seconds
[0m23:26:04.779502 [debug] [Thread-3 (]: Using postgres connection "model.anp_fuel.gold_preco_mensal_uf"
[0m23:26:04.779846 [debug] [Thread-3 (]: On model.anp_fuel.gold_preco_mensal_uf: /* {"app": "dbt", "dbt_version": "1.12.0", "profile_name": "anp_fuel", "target_name": "dev", "node_id": "model.anp_fuel.gold_preco_mensal_uf"} */
alter table "anp_fuel"."public"."gold_preco_mensal_uf" rename to "gold_preco_mensal_uf__dbt_backup"
[0m23:26:04.780526 [debug] [Thread-3 (]: SQL status: ALTER TABLE in 0.000 seconds
[0m23:26:04.782751 [debug] [Thread-3 (]: Using postgres connection "model.anp_fuel.gold_preco_mensal_uf"
[0m23:26:04.783039 [debug] [Thread-3 (]: On model.anp_fuel.gold_preco_mensal_uf: /* {"app": "dbt", "dbt_version": "1.12.0", "profile_name": "anp_fuel", "target_name": "dev", "node_id": "model.anp_fuel.gold_preco_mensal_uf"} */
alter table "anp_fuel"."public"."gold_preco_mensal_uf__dbt_tmp" rename to "gold_preco_mensal_uf"
[0m23:26:04.783704 [debug] [Thread-3 (]: SQL status: ALTER TABLE in 0.000 seconds
[0m23:26:04.784982 [debug] [Thread-3 (]: On model.anp_fuel.gold_preco_mensal_uf: COMMIT
[0m23:26:04.785255 [debug] [Thread-3 (]: Using postgres connection "model.anp_fuel.gold_preco_mensal_uf"
[0m23:26:04.785507 [debug] [Thread-3 (]: On model.anp_fuel.gold_preco_mensal_uf: COMMIT
[0m23:26:04.788228 [debug] [Thread-3 (]: SQL status: COMMIT in 0.002 seconds
[0m23:26:04.789454 [debug] [Thread-3 (]: Applying DROP to: "anp_fuel"."public"."gold_preco_mensal_uf__dbt_backup"
[0m23:26:04.790005 [debug] [Thread-3 (]: Using postgres connection "model.anp_fuel.gold_preco_mensal_uf"
[0m23:26:04.790257 [debug] [Thread-3 (]: On model.anp_fuel.gold_preco_mensal_uf: /* {"app": "dbt", "dbt_version": "1.12.0", "profile_name": "anp_fuel", "target_name": "dev", "node_id": "model.anp_fuel.gold_preco_mensal_uf"} */
drop table if exists "anp_fuel"."public"."gold_preco_mensal_uf__dbt_backup" cascade
[0m23:26:04.811780 [debug] [Thread-3 (]: SQL status: DROP TABLE in 0.021 seconds
[0m23:26:04.813117 [debug] [Thread-3 (]: On model.anp_fuel.gold_preco_mensal_uf: Close
[0m23:26:04.813880 [debug] [Thread-3 (]: Sending event: {'category': 'dbt', 'action': 'run_model', 'label': 'dcdfa259-578f-429b-84fd-acf58f002ba3', 'context': [<snowplow_tracker.self_describing_json.SelfDescribingJson object at 0x000001CAB7344670>]}
[0m23:26:04.814709 [info ] [Thread-3 (]: 3 of 5 OK created sql table model public.gold_preco_mensal_uf .................. [[32mSELECT 6403[0m in 1.49s]
[0m23:26:04.815443 [debug] [Thread-3 (]: Finished running node model.anp_fuel.gold_preco_mensal_uf
[0m23:26:14.239165 [debug] [Thread-4 (]: SQL status: SELECT 324 in 10.875 seconds
[0m23:26:14.242037 [debug] [Thread-4 (]: Using postgres connection "model.anp_fuel.gold_ranking_bandeiras"
[0m23:26:14.242590 [debug] [Thread-4 (]: On model.anp_fuel.gold_ranking_bandeiras: /* {"app": "dbt", "dbt_version": "1.12.0", "profile_name": "anp_fuel", "target_name": "dev", "node_id": "model.anp_fuel.gold_ranking_bandeiras"} */
alter table "anp_fuel"."public"."gold_ranking_bandeiras__dbt_tmp" rename to "gold_ranking_bandeiras"
[0m23:26:14.243680 [debug] [Thread-4 (]: SQL status: ALTER TABLE in 0.001 seconds
[0m23:26:14.244673 [debug] [Thread-4 (]: On model.anp_fuel.gold_ranking_bandeiras: COMMIT
[0m23:26:14.244915 [debug] [Thread-4 (]: Using postgres connection "model.anp_fuel.gold_ranking_bandeiras"
[0m23:26:14.245133 [debug] [Thread-4 (]: On model.anp_fuel.gold_ranking_bandeiras: COMMIT
[0m23:26:14.246709 [debug] [Thread-4 (]: SQL status: COMMIT in 0.001 seconds
[0m23:26:14.247833 [debug] [Thread-4 (]: Applying DROP to: "anp_fuel"."public"."gold_ranking_bandeiras__dbt_backup"
[0m23:26:14.248351 [debug] [Thread-4 (]: Using postgres connection "model.anp_fuel.gold_ranking_bandeiras"
[0m23:26:14.248585 [debug] [Thread-4 (]: On model.anp_fuel.gold_ranking_bandeiras: /* {"app": "dbt", "dbt_version": "1.12.0", "profile_name": "anp_fuel", "target_name": "dev", "node_id": "model.anp_fuel.gold_ranking_bandeiras"} */
drop table if exists "anp_fuel"."public"."gold_ranking_bandeiras__dbt_backup" cascade
[0m23:26:14.249722 [debug] [Thread-4 (]: SQL status: DROP TABLE in 0.001 seconds
[0m23:26:14.250560 [debug] [Thread-4 (]: On model.anp_fuel.gold_ranking_bandeiras: Close
[0m23:26:14.251014 [debug] [Thread-4 (]: Sending event: {'category': 'dbt', 'action': 'run_model', 'label': 'dcdfa259-578f-429b-84fd-acf58f002ba3', 'context': [<snowplow_tracker.self_describing_json.SelfDescribingJson object at 0x000001CAB73DA630>]}
[0m23:26:14.251534 [info ] [Thread-4 (]: 4 of 5 OK created sql table model public.gold_ranking_bandeiras ................ [[32mSELECT 324[0m in 10.93s]
[0m23:26:14.252756 [debug] [Thread-4 (]: Finished running node model.anp_fuel.gold_ranking_bandeiras
[0m23:26:14.255260 [debug] [MainThread]: On master: COMMIT
[0m23:26:14.255588 [debug] [MainThread]: Using postgres connection "master"
[0m23:26:14.255833 [debug] [MainThread]: On master: COMMIT
[0m23:26:14.256030 [debug] [MainThread]: Opening a new connection, currently in state closed
[0m23:26:14.399658 [debug] [MainThread]: SQL status: COMMIT in 0.144 seconds
[0m23:26:14.400086 [debug] [MainThread]: On master: Close
[0m23:26:14.400568 [debug] [MainThread]: Connection 'master' was properly closed.
[0m23:26:14.400790 [debug] [MainThread]: Connection 'list_anp_fuel' was properly closed.
[0m23:26:14.400956 [debug] [MainThread]: Connection 'list_anp_fuel_public' was properly closed.
[0m23:26:14.401108 [debug] [MainThread]: Connection 'model.anp_fuel.gold_variacao_mensal' was properly closed.
[0m23:26:14.401258 [debug] [MainThread]: Connection 'model.anp_fuel.gold_preco_mensal_uf' was properly closed.
[0m23:26:14.401418 [debug] [MainThread]: Connection 'model.anp_fuel.gold_ranking_bandeiras' was properly closed.
[0m23:26:14.401589 [debug] [MainThread]: Connection 'model.anp_fuel.gold_etanol_vs_gasolina' was properly closed.
[0m23:26:14.401893 [info ] [MainThread]: 
[0m23:26:14.402654 [info ] [MainThread]: Finished running 4 table models, 1 view model in 0 hours 0 minutes and 11.50 seconds (11.50s).
[0m23:26:14.404268 [debug] [MainThread]: Command end result
[0m23:26:14.429699 [debug] [MainThread]: Wrote artifact WritableManifest to D:\ESTUDOS\projetos\anp-fuel\dbt\target\manifest.json
[0m23:26:14.433275 [debug] [MainThread]: Wrote artifact SemanticManifest to D:\ESTUDOS\projetos\anp-fuel\dbt\target\semantic_manifest.json
[0m23:26:14.436426 [debug] [MainThread]: Wrote artifact OsiDocument to D:\ESTUDOS\projetos\anp-fuel\dbt\target\osi_document.json
[0m23:26:14.443488 [debug] [MainThread]: Wrote artifact RunExecutionResult to D:\ESTUDOS\projetos\anp-fuel\dbt\target\run_results.json
[0m23:26:14.444037 [info ] [MainThread]: 
[0m23:26:14.444596 [info ] [MainThread]: [32mCompleted successfully[0m
[0m23:26:14.445049 [info ] [MainThread]: 
[0m23:26:14.445487 [info ] [MainThread]: Done. PASS=5 WARN=0 ERROR=0 SKIP=0 NO-OP=0 REUSED=0 TOTAL=5
[0m23:26:14.445972 [warn ] [MainThread]: [[33mWARNING[0m][DeprecationsSummary]: Deprecated functionality
Summary of encountered deprecations:
- MissingArgumentsPropertyInGenericTestDeprecation: 1 occurrence
To see all deprecation instances instead of just the first occurrence of each,
run command again with the `--show-all-deprecations` flag. You may also need to
run with `--no-partial-parse` as some deprecations are only encountered during
parsing.
[0m23:26:14.446916 [debug] [MainThread]: Command `dbt run` succeeded at 23:26:14.446831 after 12.89 seconds
[0m23:26:14.447200 [debug] [MainThread]: Sending event: {'category': 'dbt', 'action': 'invocation', 'label': 'end', 'context': [<snowplow_tracker.self_describing_json.SelfDescribingJson object at 0x000001CAB1D23950>, <snowplow_tracker.self_describing_json.SelfDescribingJson object at 0x000001CAB72D2E10>, <snowplow_tracker.self_describing_json.SelfDescribingJson object at 0x000001CAB4713D70>]}
[0m23:26:14.447464 [debug] [MainThread]: Flushing usage events
[0m23:26:15.311607 [debug] [MainThread]: An error was encountered while trying to flush usage events
[0m23:26:22.514056 [debug] [MainThread]: Sending event: {'category': 'dbt', 'action': 'invocation', 'label': 'start', 'context': [<snowplow_tracker.self_describing_json.SelfDescribingJson object at 0x000001E9E8200830>, <snowplow_tracker.self_describing_json.SelfDescribingJson object at 0x000001E9E5A791D0>, <snowplow_tracker.self_describing_json.SelfDescribingJson object at 0x000001E9EAA939D0>]}


============================== 23:26:22.517685 | 9cfdae90-87cd-43e0-ad41-9805160b0204 ==============================
[0m23:26:22.517685 [info ] [MainThread]: Running with dbt=1.12.0
[0m23:26:22.518309 [debug] [MainThread]: running dbt with arguments {'static_parser': 'True', 'no_print': 'None', 'version_check': 'True', 'warn_error_options': 'WarnErrorOptionsV2(error=[], warn=[], silence=[])', 'target_path': 'None', 'maximum_seed_size_mib': '1', 'printer_width': '80', 'write_json': 'True', 'empty': 'None', 'log_cache_events': 'False', 'introspect': 'True', 'cache_selected_only': 'False', 'log_format': 'default', 'debug': 'False', 'fail_fast': 'False', 'partial_parse': 'True', 'send_anonymous_usage_stats': 'True', 'quiet': 'False', 'warn_error': 'None', 'profiles_dir': 'C:\\Users\\arauj\\.dbt', 'indirect_selection': 'eager', 'hints_enabled': 'True', 'invocation_command': 'dbt test', 'use_experimental_parser': 'False', 'use_colors': 'True', 'log_path': 'D:\\ESTUDOS\\projetos\\anp-fuel\\dbt\\logs'}
[0m23:26:22.657419 [debug] [MainThread]: Sending event: {'category': 'dbt', 'action': 'project_id', 'label': '9cfdae90-87cd-43e0-ad41-9805160b0204', 'context': [<snowplow_tracker.self_describing_json.SelfDescribingJson object at 0x000001E9EAA168B0>]}
[0m23:26:22.707302 [debug] [MainThread]: Sending event: {'category': 'dbt', 'action': 'adapter_info', 'label': '9cfdae90-87cd-43e0-ad41-9805160b0204', 'context': [<snowplow_tracker.self_describing_json.SelfDescribingJson object at 0x000001E9E5A23F00>]}
[0m23:26:22.708600 [info ] [MainThread]: Registered adapter: postgres=1.11.0
[0m23:26:22.860318 [debug] [MainThread]: checksum: a2adc26f75378a8eb99e8d8f91a2a8f9ec58712ce43e4c142f0908dcdb265eb1, vars: {}, profile: anp_fuel, target: dev, version: 1.12.0
[0m23:26:22.962706 [debug] [MainThread]: Partial parsing enabled: 0 files deleted, 0 files added, 0 files changed.
[0m23:26:22.963029 [debug] [MainThread]: Nothing changed, skipping partial parsing.
[0m23:26:22.963265 [debug] [MainThread]: Partial parsing enabled, no changes found, skipping parsing
[0m23:26:22.970413 [debug] [MainThread]: Sending event: {'category': 'dbt', 'action': 'load_project', 'label': '9cfdae90-87cd-43e0-ad41-9805160b0204', 'context': [<snowplow_tracker.self_describing_json.SelfDescribingJson object at 0x000001E9EAFFBD50>]}
[0m23:26:23.068589 [debug] [MainThread]: Wrote artifact WritableManifest to D:\ESTUDOS\projetos\anp-fuel\dbt\target\manifest.json
[0m23:26:23.071077 [debug] [MainThread]: Wrote artifact SemanticManifest to D:\ESTUDOS\projetos\anp-fuel\dbt\target\semantic_manifest.json
[0m23:26:23.094753 [debug] [MainThread]: Wrote artifact OsiDocument to D:\ESTUDOS\projetos\anp-fuel\dbt\target\osi_document.json
[0m23:26:23.112953 [debug] [MainThread]: Sending event: {'category': 'dbt', 'action': 'resource_counts', 'label': '9cfdae90-87cd-43e0-ad41-9805160b0204', 'context': [<snowplow_tracker.self_describing_json.SelfDescribingJson object at 0x000001E9EB2C46E0>]}
[0m23:26:23.113384 [info ] [MainThread]: Found 5 models, 8 data tests, 1 source, 477 macros
[0m23:26:23.113740 [debug] [MainThread]: Sending event: {'category': 'dbt', 'action': 'runnable_timing', 'label': '9cfdae90-87cd-43e0-ad41-9805160b0204', 'context': [<snowplow_tracker.self_describing_json.SelfDescribingJson object at 0x000001E9EB313E70>]}
[0m23:26:23.115453 [info ] [MainThread]: 
[0m23:26:23.115874 [info ] [MainThread]: Concurrency: 4 threads (target='dev')
[0m23:26:23.116222 [info ] [MainThread]: 
[0m23:26:23.116742 [debug] [MainThread]: Acquiring new postgres connection 'master'
[0m23:26:23.119862 [debug] [ThreadPool]: Acquiring new postgres connection 'list_anp_fuel_public'
[0m23:26:23.169599 [debug] [ThreadPool]: Using postgres connection "list_anp_fuel_public"
[0m23:26:23.170126 [debug] [ThreadPool]: On list_anp_fuel_public: /* {"app": "dbt", "dbt_version": "1.12.0", "profile_name": "anp_fuel", "target_name": "dev", "connection_name": "list_anp_fuel_public"} */
select
      'anp_fuel' as database,
      tablename as name,
      schemaname as schema,
      'table' as type
    from pg_tables
    where schemaname ilike 'public'
    union all
    select
      'anp_fuel' as database,
      viewname as name,
      schemaname as schema,
      'view' as type
    from pg_views
    where schemaname ilike 'public'
    union all
    select
      'anp_fuel' as database,
      matviewname as name,
      schemaname as schema,
      'materialized_view' as type
    from pg_matviews
    where schemaname ilike 'public'
    union all
    select distinct
     'anp_fuel' as database,
     proname as name,
     ns.nspname as schema,
     'function' as type
    from pg_proc
     join pg_namespace as ns on pronamespace = ns.oid
    where ns.nspname ilike 'public'
  
[0m23:26:23.170504 [debug] [ThreadPool]: Opening a new connection, currently in state init
[0m23:26:23.221248 [debug] [ThreadPool]: SQL status: SELECT 6 in 0.051 seconds
[0m23:26:23.222837 [debug] [ThreadPool]: On list_anp_fuel_public: ROLLBACK
[0m23:26:23.223349 [debug] [ThreadPool]: On list_anp_fuel_public: Close
[0m23:26:23.228092 [debug] [MainThread]: Using postgres connection "master"
[0m23:26:23.228458 [debug] [MainThread]: On master: /* {"app": "dbt", "dbt_version": "1.12.0", "profile_name": "anp_fuel", "target_name": "dev", "connection_name": "master"} */
select distinct
        dependent_namespace.nspname as dependent_schema,
        dependent_class.relname as dependent_name,
        referenced_namespace.nspname as referenced_schema,
        referenced_class.relname as referenced_name

    -- Query for views: views are entries in pg_class with an entry in pg_rewrite, but we avoid
    -- a seq scan on pg_rewrite by leveraging the fact there is an "internal" row in pg_depend for
    -- the view...
    from pg_class as dependent_class
    join pg_namespace as dependent_namespace on dependent_namespace.oid = dependent_class.relnamespace
    join pg_depend as dependent_depend on dependent_depend.refobjid = dependent_class.oid
        and dependent_depend.classid = 'pg_rewrite'::regclass
        and dependent_depend.refclassid = 'pg_class'::regclass
        and dependent_depend.deptype = 'i'

    -- ... and via pg_depend (that has a row per column, hence the need for "distinct" above, and
    -- making sure to exclude the internal row to avoid a view appearing to depend on itself)...
    join pg_depend as joining_depend on joining_depend.objid = dependent_depend.objid
        and joining_depend.classid = 'pg_rewrite'::regclass
        and joining_depend.refclassid = 'pg_class'::regclass
        and joining_depend.refobjid != dependent_depend.refobjid

    -- ... we can find the tables they query from in pg_class, but excluding system tables. Note we
    -- don't need need to exclude _dependent_ system tables, because they only query from other
    -- system tables, and so are automatically excluded by excluding _referenced_ system tables
    join pg_class as referenced_class on referenced_class.oid = joining_depend.refobjid
    join pg_namespace as referenced_namespace on referenced_namespace.oid = referenced_class.relnamespace
        and referenced_namespace.nspname != 'information_schema'
        and referenced_namespace.nspname not like 'pg\_%'

    order by
        dependent_schema, dependent_name, referenced_schema, referenced_name;
[0m23:26:23.228801 [debug] [MainThread]: Opening a new connection, currently in state init
[0m23:26:23.269493 [debug] [MainThread]: SQL status: SELECT 1 in 0.041 seconds
[0m23:26:23.270650 [debug] [MainThread]: Sending event: {'category': 'dbt', 'action': 'runnable_timing', 'label': '9cfdae90-87cd-43e0-ad41-9805160b0204', 'context': [<snowplow_tracker.self_describing_json.SelfDescribingJson object at 0x000001E9EB55A820>]}
[0m23:26:23.270987 [debug] [MainThread]: On master: ROLLBACK
[0m23:26:23.271323 [debug] [MainThread]: On master: COMMIT
[0m23:26:23.271556 [debug] [MainThread]: Using postgres connection "master"
[0m23:26:23.271744 [debug] [MainThread]: On master: COMMIT
[0m23:26:23.272083 [debug] [MainThread]: SQL status: COMMIT in 0.000 seconds
[0m23:26:23.272313 [debug] [MainThread]: On master: Close
[0m23:26:23.276286 [debug] [Thread-1 (]: Began running node test.anp_fuel.accepted_values_gold_etanol_vs_gasolina_combustivel_vantajoso__ETANOL__GASOLINA.b3bf56149a
[0m23:26:23.276948 [debug] [Thread-3 (]: Began running node test.anp_fuel.not_null_gold_etanol_vs_gasolina_combustivel_vantajoso.cfb6675f25
[0m23:26:23.277290 [debug] [Thread-4 (]: Began running node test.anp_fuel.not_null_gold_preco_mensal_uf_preco_medio.a5219cbe6b
[0m23:26:23.276624 [info ] [Thread-1 (]: 1 of 8 START test accepted_values_gold_etanol_vs_gasolina_combustivel_vantajoso__ETANOL__GASOLINA  [RUN]
[0m23:26:23.278738 [debug] [Thread-1 (]: Acquiring new postgres connection 'test.anp_fuel.accepted_values_gold_etanol_vs_gasolina_combustivel_vantajoso__ETANOL__GASOLINA.b3bf56149a'
[0m23:26:23.279045 [debug] [Thread-1 (]: Began compiling node test.anp_fuel.accepted_values_gold_etanol_vs_gasolina_combustivel_vantajoso__ETANOL__GASOLINA.b3bf56149a
[0m23:26:23.277637 [debug] [Thread-2 (]: Began running node test.anp_fuel.accepted_values_stg_precos_produto__GASOLINA__GASOLINA_ADITIVADA__ETANOL__DIESEL__DIESEL_S10__GNV.2f04d79999
[0m23:26:23.277884 [info ] [Thread-3 (]: 3 of 8 START test not_null_gold_etanol_vs_gasolina_combustivel_vantajoso ....... [RUN]
[0m23:26:23.278203 [info ] [Thread-4 (]: 4 of 8 START test not_null_gold_preco_mensal_uf_preco_medio .................... [RUN]
[0m23:26:23.297825 [debug] [Thread-1 (]: Writing injected SQL for node "test.anp_fuel.accepted_values_gold_etanol_vs_gasolina_combustivel_vantajoso__ETANOL__GASOLINA.b3bf56149a"
[0m23:26:23.298766 [debug] [Thread-3 (]: Acquiring new postgres connection 'test.anp_fuel.not_null_gold_etanol_vs_gasolina_combustivel_vantajoso.cfb6675f25'
[0m23:26:23.299922 [debug] [Thread-3 (]: Began compiling node test.anp_fuel.not_null_gold_etanol_vs_gasolina_combustivel_vantajoso.cfb6675f25
[0m23:26:23.309121 [debug] [Thread-3 (]: Writing injected SQL for node "test.anp_fuel.not_null_gold_etanol_vs_gasolina_combustivel_vantajoso.cfb6675f25"
[0m23:26:23.299435 [debug] [Thread-4 (]: Acquiring new postgres connection 'test.anp_fuel.not_null_gold_preco_mensal_uf_preco_medio.a5219cbe6b'
[0m23:26:23.298267 [info ] [Thread-2 (]: 2 of 8 START test accepted_values_stg_precos_produto__GASOLINA__GASOLINA_ADITIVADA__ETANOL__DIESEL__DIESEL_S10__GNV  [RUN]
[0m23:26:23.312156 [debug] [Thread-2 (]: Acquiring new postgres connection 'test.anp_fuel.accepted_values_stg_precos_produto__GASOLINA__GASOLINA_ADITIVADA__ETANOL__DIESEL__DIESEL_S10__GNV.2f04d79999'
[0m23:26:23.312863 [debug] [Thread-2 (]: Began compiling node test.anp_fuel.accepted_values_stg_precos_produto__GASOLINA__GASOLINA_ADITIVADA__ETANOL__DIESEL__DIESEL_S10__GNV.2f04d79999
[0m23:26:23.310546 [debug] [Thread-4 (]: Began compiling node test.anp_fuel.not_null_gold_preco_mensal_uf_preco_medio.a5219cbe6b
[0m23:26:23.332523 [debug] [Thread-4 (]: Writing injected SQL for node "test.anp_fuel.not_null_gold_preco_mensal_uf_preco_medio.a5219cbe6b"
[0m23:26:23.333075 [debug] [Thread-1 (]: Began executing node test.anp_fuel.accepted_values_gold_etanol_vs_gasolina_combustivel_vantajoso__ETANOL__GASOLINA.b3bf56149a
[0m23:26:23.354107 [debug] [Thread-1 (]: Writing runtime sql for node "test.anp_fuel.accepted_values_gold_etanol_vs_gasolina_combustivel_vantajoso__ETANOL__GASOLINA.b3bf56149a"
[0m23:26:23.340607 [debug] [Thread-2 (]: Writing injected SQL for node "test.anp_fuel.accepted_values_stg_precos_produto__GASOLINA__GASOLINA_ADITIVADA__ETANOL__DIESEL__DIESEL_S10__GNV.2f04d79999"
[0m23:26:23.354550 [debug] [Thread-3 (]: Began executing node test.anp_fuel.not_null_gold_etanol_vs_gasolina_combustivel_vantajoso.cfb6675f25
[0m23:26:23.356359 [debug] [Thread-3 (]: Writing runtime sql for node "test.anp_fuel.not_null_gold_etanol_vs_gasolina_combustivel_vantajoso.cfb6675f25"
[0m23:26:23.356928 [debug] [Thread-4 (]: Began executing node test.anp_fuel.not_null_gold_preco_mensal_uf_preco_medio.a5219cbe6b
[0m23:26:23.358877 [debug] [Thread-4 (]: Writing runtime sql for node "test.anp_fuel.not_null_gold_preco_mensal_uf_preco_medio.a5219cbe6b"
[0m23:26:23.357282 [debug] [Thread-2 (]: Began executing node test.anp_fuel.accepted_values_stg_precos_produto__GASOLINA__GASOLINA_ADITIVADA__ETANOL__DIESEL__DIESEL_S10__GNV.2f04d79999
[0m23:26:23.360290 [debug] [Thread-2 (]: Writing runtime sql for node "test.anp_fuel.accepted_values_stg_precos_produto__GASOLINA__GASOLINA_ADITIVADA__ETANOL__DIESEL__DIESEL_S10__GNV.2f04d79999"
[0m23:26:23.360828 [debug] [Thread-3 (]: Using postgres connection "test.anp_fuel.not_null_gold_etanol_vs_gasolina_combustivel_vantajoso.cfb6675f25"
[0m23:26:23.361518 [debug] [Thread-3 (]: On test.anp_fuel.not_null_gold_etanol_vs_gasolina_combustivel_vantajoso.cfb6675f25: /* {"app": "dbt", "dbt_version": "1.12.0", "profile_name": "anp_fuel", "target_name": "dev", "node_id": "test.anp_fuel.not_null_gold_etanol_vs_gasolina_combustivel_vantajoso.cfb6675f25"} */

    
    select
      count(*) as failures,
      count(*) != 0 as should_warn,
      count(*) != 0 as should_error
    from (
      
    
  
    
    



select combustivel_vantajoso
from "anp_fuel"."public"."gold_etanol_vs_gasolina"
where combustivel_vantajoso is null



  
  
      
    ) dbt_internal_test
[0m23:26:23.362171 [debug] [Thread-3 (]: Opening a new connection, currently in state init
[0m23:26:23.361873 [debug] [Thread-4 (]: Using postgres connection "test.anp_fuel.not_null_gold_preco_mensal_uf_preco_medio.a5219cbe6b"
[0m23:26:23.361172 [debug] [Thread-1 (]: Using postgres connection "test.anp_fuel.accepted_values_gold_etanol_vs_gasolina_combustivel_vantajoso__ETANOL__GASOLINA.b3bf56149a"
[0m23:26:23.363249 [debug] [Thread-1 (]: On test.anp_fuel.accepted_values_gold_etanol_vs_gasolina_combustivel_vantajoso__ETANOL__GASOLINA.b3bf56149a: /* {"app": "dbt", "dbt_version": "1.12.0", "profile_name": "anp_fuel", "target_name": "dev", "node_id": "test.anp_fuel.accepted_values_gold_etanol_vs_gasolina_combustivel_vantajoso__ETANOL__GASOLINA.b3bf56149a"} */

    
    select
      count(*) as failures,
      count(*) != 0 as should_warn,
      count(*) != 0 as should_error
    from (
      
    
  
    
    

with all_values as (

    select
        combustivel_vantajoso as value_field,
        count(*) as n_records

    from "anp_fuel"."public"."gold_etanol_vs_gasolina"
    group by combustivel_vantajoso

)

select *
from all_values
where value_field not in (
    'ETANOL','GASOLINA'
)



  
  
      
    ) dbt_internal_test
[0m23:26:23.363556 [debug] [Thread-1 (]: Opening a new connection, currently in state init
[0m23:26:23.362613 [debug] [Thread-2 (]: Using postgres connection "test.anp_fuel.accepted_values_stg_precos_produto__GASOLINA__GASOLINA_ADITIVADA__ETANOL__DIESEL__DIESEL_S10__GNV.2f04d79999"
[0m23:26:23.363968 [debug] [Thread-2 (]: On test.anp_fuel.accepted_values_stg_precos_produto__GASOLINA__GASOLINA_ADITIVADA__ETANOL__DIESEL__DIESEL_S10__GNV.2f04d79999: /* {"app": "dbt", "dbt_version": "1.12.0", "profile_name": "anp_fuel", "target_name": "dev", "node_id": "test.anp_fuel.accepted_values_stg_precos_produto__GASOLINA__GASOLINA_ADITIVADA__ETANOL__DIESEL__DIESEL_S10__GNV.2f04d79999"} */

    
    select
      count(*) as failures,
      count(*) != 0 as should_warn,
      count(*) != 0 as should_error
    from (
      
    
  
    
    

with all_values as (

    select
        produto as value_field,
        count(*) as n_records

    from "anp_fuel"."public"."stg_precos"
    group by produto

)

select *
from all_values
where value_field not in (
    'GASOLINA','GASOLINA ADITIVADA','ETANOL','DIESEL','DIESEL S10','GNV'
)



  
  
      
    ) dbt_internal_test
[0m23:26:23.362916 [debug] [Thread-4 (]: On test.anp_fuel.not_null_gold_preco_mensal_uf_preco_medio.a5219cbe6b: /* {"app": "dbt", "dbt_version": "1.12.0", "profile_name": "anp_fuel", "target_name": "dev", "node_id": "test.anp_fuel.not_null_gold_preco_mensal_uf_preco_medio.a5219cbe6b"} */

    
    select
      count(*) as failures,
      count(*) != 0 as should_warn,
      count(*) != 0 as should_error
    from (
      
    
  
    
    



select preco_medio
from "anp_fuel"."public"."gold_preco_mensal_uf"
where preco_medio is null



  
  
      
    ) dbt_internal_test
[0m23:26:23.364501 [debug] [Thread-4 (]: Opening a new connection, currently in state init
[0m23:26:23.364257 [debug] [Thread-2 (]: Opening a new connection, currently in state init
[0m23:26:23.412695 [debug] [Thread-1 (]: SQL status: SELECT 1 in 0.049 seconds
[0m23:26:23.416256 [debug] [Thread-1 (]: On test.anp_fuel.accepted_values_gold_etanol_vs_gasolina_combustivel_vantajoso__ETANOL__GASOLINA.b3bf56149a: ROLLBACK
[0m23:26:23.416757 [debug] [Thread-1 (]: On test.anp_fuel.accepted_values_gold_etanol_vs_gasolina_combustivel_vantajoso__ETANOL__GASOLINA.b3bf56149a: Close
[0m23:26:23.417404 [info ] [Thread-1 (]: 1 of 8 PASS accepted_values_gold_etanol_vs_gasolina_combustivel_vantajoso__ETANOL__GASOLINA  [[32mPASS[0m in 0.14s]
[0m23:26:23.418112 [debug] [Thread-1 (]: Finished running node test.anp_fuel.accepted_values_gold_etanol_vs_gasolina_combustivel_vantajoso__ETANOL__GASOLINA.b3bf56149a
[0m23:26:23.418421 [debug] [Thread-1 (]: Began running node test.anp_fuel.not_null_gold_variacao_mensal_preco_medio.81b40edf2b
[0m23:26:23.419216 [debug] [Thread-4 (]: SQL status: SELECT 1 in 0.055 seconds
[0m23:26:23.420592 [debug] [Thread-4 (]: On test.anp_fuel.not_null_gold_preco_mensal_uf_preco_medio.a5219cbe6b: ROLLBACK
[0m23:26:23.418712 [info ] [Thread-1 (]: 5 of 8 START test not_null_gold_variacao_mensal_preco_medio .................... [RUN]
[0m23:26:23.421019 [debug] [Thread-1 (]: Re-using an available connection from the pool (formerly test.anp_fuel.accepted_values_gold_etanol_vs_gasolina_combustivel_vantajoso__ETANOL__GASOLINA.b3bf56149a, now test.anp_fuel.not_null_gold_variacao_mensal_preco_medio.81b40edf2b)
[0m23:26:23.421316 [debug] [Thread-1 (]: Began compiling node test.anp_fuel.not_null_gold_variacao_mensal_preco_medio.81b40edf2b
[0m23:26:23.426859 [debug] [Thread-1 (]: Writing injected SQL for node "test.anp_fuel.not_null_gold_variacao_mensal_preco_medio.81b40edf2b"
[0m23:26:23.427212 [debug] [Thread-4 (]: On test.anp_fuel.not_null_gold_preco_mensal_uf_preco_medio.a5219cbe6b: Close
[0m23:26:23.428037 [info ] [Thread-4 (]: 4 of 8 PASS not_null_gold_preco_mensal_uf_preco_medio .......................... [[32mPASS[0m in 0.13s]
[0m23:26:23.428717 [debug] [Thread-4 (]: Finished running node test.anp_fuel.not_null_gold_preco_mensal_uf_preco_medio.a5219cbe6b
[0m23:26:23.429550 [debug] [Thread-4 (]: Began running node test.anp_fuel.not_null_stg_precos_produto.0e50f38ba6
[0m23:26:23.429064 [debug] [Thread-1 (]: Began executing node test.anp_fuel.not_null_gold_variacao_mensal_preco_medio.81b40edf2b
[0m23:26:23.432267 [debug] [Thread-1 (]: Writing runtime sql for node "test.anp_fuel.not_null_gold_variacao_mensal_preco_medio.81b40edf2b"
[0m23:26:23.430099 [info ] [Thread-4 (]: 6 of 8 START test not_null_stg_precos_produto .................................. [RUN]
[0m23:26:23.433140 [debug] [Thread-4 (]: Re-using an available connection from the pool (formerly test.anp_fuel.not_null_gold_preco_mensal_uf_preco_medio.a5219cbe6b, now test.anp_fuel.not_null_stg_precos_produto.0e50f38ba6)
[0m23:26:23.433562 [debug] [Thread-4 (]: Began compiling node test.anp_fuel.not_null_stg_precos_produto.0e50f38ba6
[0m23:26:23.439251 [debug] [Thread-4 (]: Writing injected SQL for node "test.anp_fuel.not_null_stg_precos_produto.0e50f38ba6"
[0m23:26:23.439999 [debug] [Thread-1 (]: Using postgres connection "test.anp_fuel.not_null_gold_variacao_mensal_preco_medio.81b40edf2b"
[0m23:26:23.440350 [debug] [Thread-1 (]: On test.anp_fuel.not_null_gold_variacao_mensal_preco_medio.81b40edf2b: /* {"app": "dbt", "dbt_version": "1.12.0", "profile_name": "anp_fuel", "target_name": "dev", "node_id": "test.anp_fuel.not_null_gold_variacao_mensal_preco_medio.81b40edf2b"} */

    
    select
      count(*) as failures,
      count(*) != 0 as should_warn,
      count(*) != 0 as should_error
    from (
      
    
  
    
    



select preco_medio
from "anp_fuel"."public"."gold_variacao_mensal"
where preco_medio is null



  
  
      
    ) dbt_internal_test
[0m23:26:23.440662 [debug] [Thread-1 (]: Opening a new connection, currently in state closed
[0m23:26:23.441268 [debug] [Thread-4 (]: Began executing node test.anp_fuel.not_null_stg_precos_produto.0e50f38ba6
[0m23:26:23.443008 [debug] [Thread-4 (]: Writing runtime sql for node "test.anp_fuel.not_null_stg_precos_produto.0e50f38ba6"
[0m23:26:23.444151 [debug] [Thread-4 (]: Using postgres connection "test.anp_fuel.not_null_stg_precos_produto.0e50f38ba6"
[0m23:26:23.444478 [debug] [Thread-4 (]: On test.anp_fuel.not_null_stg_precos_produto.0e50f38ba6: /* {"app": "dbt", "dbt_version": "1.12.0", "profile_name": "anp_fuel", "target_name": "dev", "node_id": "test.anp_fuel.not_null_stg_precos_produto.0e50f38ba6"} */

    
    select
      count(*) as failures,
      count(*) != 0 as should_warn,
      count(*) != 0 as should_error
    from (
      
    
  
    
    



select produto
from "anp_fuel"."public"."stg_precos"
where produto is null



  
  
      
    ) dbt_internal_test
[0m23:26:23.444740 [debug] [Thread-4 (]: Opening a new connection, currently in state closed
[0m23:26:23.517390 [debug] [Thread-3 (]: SQL status: SELECT 1 in 0.155 seconds
[0m23:26:23.519108 [debug] [Thread-3 (]: On test.anp_fuel.not_null_gold_etanol_vs_gasolina_combustivel_vantajoso.cfb6675f25: ROLLBACK
[0m23:26:23.519770 [debug] [Thread-3 (]: On test.anp_fuel.not_null_gold_etanol_vs_gasolina_combustivel_vantajoso.cfb6675f25: Close
[0m23:26:23.520577 [info ] [Thread-3 (]: 3 of 8 PASS not_null_gold_etanol_vs_gasolina_combustivel_vantajoso ............. [[32mPASS[0m in 0.22s]
[0m23:26:23.521281 [debug] [Thread-3 (]: Finished running node test.anp_fuel.not_null_gold_etanol_vs_gasolina_combustivel_vantajoso.cfb6675f25
[0m23:26:23.521646 [debug] [Thread-3 (]: Began running node test.anp_fuel.not_null_stg_precos_uf.7d9bba4b13
[0m23:26:23.521992 [info ] [Thread-3 (]: 7 of 8 START test not_null_stg_precos_uf ....................................... [RUN]
[0m23:26:23.522608 [debug] [Thread-3 (]: Re-using an available connection from the pool (formerly test.anp_fuel.not_null_gold_etanol_vs_gasolina_combustivel_vantajoso.cfb6675f25, now test.anp_fuel.not_null_stg_precos_uf.7d9bba4b13)
[0m23:26:23.522986 [debug] [Thread-3 (]: Began compiling node test.anp_fuel.not_null_stg_precos_uf.7d9bba4b13
[0m23:26:23.529797 [debug] [Thread-3 (]: Writing injected SQL for node "test.anp_fuel.not_null_stg_precos_uf.7d9bba4b13"
[0m23:26:23.530592 [debug] [Thread-3 (]: Began executing node test.anp_fuel.not_null_stg_precos_uf.7d9bba4b13
[0m23:26:23.532481 [debug] [Thread-3 (]: Writing runtime sql for node "test.anp_fuel.not_null_stg_precos_uf.7d9bba4b13"
[0m23:26:23.533489 [debug] [Thread-3 (]: Using postgres connection "test.anp_fuel.not_null_stg_precos_uf.7d9bba4b13"
[0m23:26:23.533918 [debug] [Thread-3 (]: On test.anp_fuel.not_null_stg_precos_uf.7d9bba4b13: /* {"app": "dbt", "dbt_version": "1.12.0", "profile_name": "anp_fuel", "target_name": "dev", "node_id": "test.anp_fuel.not_null_stg_precos_uf.7d9bba4b13"} */

    
    select
      count(*) as failures,
      count(*) != 0 as should_warn,
      count(*) != 0 as should_error
    from (
      
    
  
    
    



select uf
from "anp_fuel"."public"."stg_precos"
where uf is null



  
  
      
    ) dbt_internal_test
[0m23:26:23.534337 [debug] [Thread-3 (]: Opening a new connection, currently in state closed
[0m23:26:23.600019 [debug] [Thread-1 (]: SQL status: SELECT 1 in 0.159 seconds
[0m23:26:23.602326 [debug] [Thread-1 (]: On test.anp_fuel.not_null_gold_variacao_mensal_preco_medio.81b40edf2b: ROLLBACK
[0m23:26:23.603136 [debug] [Thread-1 (]: On test.anp_fuel.not_null_gold_variacao_mensal_preco_medio.81b40edf2b: Close
[0m23:26:23.604007 [info ] [Thread-1 (]: 5 of 8 PASS not_null_gold_variacao_mensal_preco_medio .......................... [[32mPASS[0m in 0.18s]
[0m23:26:23.604963 [debug] [Thread-1 (]: Finished running node test.anp_fuel.not_null_gold_variacao_mensal_preco_medio.81b40edf2b
[0m23:26:23.605459 [debug] [Thread-1 (]: Began running node test.anp_fuel.not_null_stg_precos_valor_venda.a79f0a5abd
[0m23:26:23.605999 [info ] [Thread-1 (]: 8 of 8 START test not_null_stg_precos_valor_venda .............................. [RUN]
[0m23:26:23.606834 [debug] [Thread-1 (]: Re-using an available connection from the pool (formerly test.anp_fuel.not_null_gold_variacao_mensal_preco_medio.81b40edf2b, now test.anp_fuel.not_null_stg_precos_valor_venda.a79f0a5abd)
[0m23:26:23.607297 [debug] [Thread-1 (]: Began compiling node test.anp_fuel.not_null_stg_precos_valor_venda.a79f0a5abd
[0m23:26:23.615737 [debug] [Thread-1 (]: Writing injected SQL for node "test.anp_fuel.not_null_stg_precos_valor_venda.a79f0a5abd"
[0m23:26:23.616825 [debug] [Thread-1 (]: Began executing node test.anp_fuel.not_null_stg_precos_valor_venda.a79f0a5abd
[0m23:26:23.619211 [debug] [Thread-1 (]: Writing runtime sql for node "test.anp_fuel.not_null_stg_precos_valor_venda.a79f0a5abd"
[0m23:26:23.620244 [debug] [Thread-1 (]: Using postgres connection "test.anp_fuel.not_null_stg_precos_valor_venda.a79f0a5abd"
[0m23:26:23.620749 [debug] [Thread-1 (]: On test.anp_fuel.not_null_stg_precos_valor_venda.a79f0a5abd: /* {"app": "dbt", "dbt_version": "1.12.0", "profile_name": "anp_fuel", "target_name": "dev", "node_id": "test.anp_fuel.not_null_stg_precos_valor_venda.a79f0a5abd"} */

    
    select
      count(*) as failures,
      count(*) != 0 as should_warn,
      count(*) != 0 as should_error
    from (
      
    
  
    
    



select valor_venda
from "anp_fuel"."public"."stg_precos"
where valor_venda is null



  
  
      
    ) dbt_internal_test
[0m23:26:23.621189 [debug] [Thread-1 (]: Opening a new connection, currently in state closed
[0m23:26:23.702832 [debug] [Thread-2 (]: SQL status: SELECT 1 in 0.338 seconds
[0m23:26:23.704125 [debug] [Thread-2 (]: On test.anp_fuel.accepted_values_stg_precos_produto__GASOLINA__GASOLINA_ADITIVADA__ETANOL__DIESEL__DIESEL_S10__GNV.2f04d79999: ROLLBACK
[0m23:26:23.704685 [debug] [Thread-2 (]: On test.anp_fuel.accepted_values_stg_precos_produto__GASOLINA__GASOLINA_ADITIVADA__ETANOL__DIESEL__DIESEL_S10__GNV.2f04d79999: Close
[0m23:26:23.705332 [info ] [Thread-2 (]: 2 of 8 PASS accepted_values_stg_precos_produto__GASOLINA__GASOLINA_ADITIVADA__ETANOL__DIESEL__DIESEL_S10__GNV  [[32mPASS[0m in 0.39s]
[0m23:26:23.706022 [debug] [Thread-2 (]: Finished running node test.anp_fuel.accepted_values_stg_precos_produto__GASOLINA__GASOLINA_ADITIVADA__ETANOL__DIESEL__DIESEL_S10__GNV.2f04d79999
[0m23:26:23.817267 [debug] [Thread-4 (]: SQL status: SELECT 1 in 0.372 seconds
[0m23:26:23.818833 [debug] [Thread-4 (]: On test.anp_fuel.not_null_stg_precos_produto.0e50f38ba6: ROLLBACK
[0m23:26:23.819376 [debug] [Thread-4 (]: On test.anp_fuel.not_null_stg_precos_produto.0e50f38ba6: Close
[0m23:26:23.820024 [info ] [Thread-4 (]: 6 of 8 PASS not_null_stg_precos_produto ........................................ [[32mPASS[0m in 0.39s]
[0m23:26:23.820745 [debug] [Thread-4 (]: Finished running node test.anp_fuel.not_null_stg_precos_produto.0e50f38ba6
[0m23:26:23.905904 [debug] [Thread-3 (]: SQL status: SELECT 1 in 0.371 seconds
[0m23:26:23.907157 [debug] [Thread-3 (]: On test.anp_fuel.not_null_stg_precos_uf.7d9bba4b13: ROLLBACK
[0m23:26:23.907702 [debug] [Thread-3 (]: On test.anp_fuel.not_null_stg_precos_uf.7d9bba4b13: Close
[0m23:26:23.908488 [info ] [Thread-3 (]: 7 of 8 PASS not_null_stg_precos_uf ............................................. [[32mPASS[0m in 0.39s]
[0m23:26:23.909369 [debug] [Thread-3 (]: Finished running node test.anp_fuel.not_null_stg_precos_uf.7d9bba4b13
[0m23:26:24.003681 [debug] [Thread-1 (]: SQL status: SELECT 1 in 0.382 seconds
[0m23:26:24.004959 [debug] [Thread-1 (]: On test.anp_fuel.not_null_stg_precos_valor_venda.a79f0a5abd: ROLLBACK
[0m23:26:24.005499 [debug] [Thread-1 (]: On test.anp_fuel.not_null_stg_precos_valor_venda.a79f0a5abd: Close
[0m23:26:24.006062 [info ] [Thread-1 (]: 8 of 8 PASS not_null_stg_precos_valor_venda .................................... [[32mPASS[0m in 0.40s]
[0m23:26:24.006809 [debug] [Thread-1 (]: Finished running node test.anp_fuel.not_null_stg_precos_valor_venda.a79f0a5abd
[0m23:26:24.008326 [debug] [MainThread]: On master: COMMIT
[0m23:26:24.008676 [debug] [MainThread]: Using postgres connection "master"
[0m23:26:24.008979 [debug] [MainThread]: On master: COMMIT
[0m23:26:24.009267 [debug] [MainThread]: Opening a new connection, currently in state closed
[0m23:26:24.146521 [debug] [MainThread]: SQL status: COMMIT in 0.137 seconds
[0m23:26:24.147091 [debug] [MainThread]: On master: Close
[0m23:26:24.147484 [debug] [MainThread]: Connection 'master' was properly closed.
[0m23:26:24.147749 [debug] [MainThread]: Connection 'list_anp_fuel_public' was properly closed.
[0m23:26:24.147957 [debug] [MainThread]: Connection 'test.anp_fuel.not_null_stg_precos_valor_venda.a79f0a5abd' was properly closed.
[0m23:26:24.148114 [debug] [MainThread]: Connection 'test.anp_fuel.not_null_stg_precos_uf.7d9bba4b13' was properly closed.
[0m23:26:24.148267 [debug] [MainThread]: Connection 'test.anp_fuel.not_null_stg_precos_produto.0e50f38ba6' was properly closed.
[0m23:26:24.148422 [debug] [MainThread]: Connection 'test.anp_fuel.accepted_values_stg_precos_produto__GASOLINA__GASOLINA_ADITIVADA__ETANOL__DIESEL__DIESEL_S10__GNV.2f04d79999' was properly closed.
[0m23:26:24.148646 [info ] [MainThread]: 
[0m23:26:24.149071 [info ] [MainThread]: Finished running 8 data tests in 0 hours 0 minutes and 1.03 seconds (1.03s).
[0m23:26:24.150486 [debug] [MainThread]: Command end result
[0m23:26:24.176158 [debug] [MainThread]: Wrote artifact WritableManifest to D:\ESTUDOS\projetos\anp-fuel\dbt\target\manifest.json
[0m23:26:24.179537 [debug] [MainThread]: Wrote artifact SemanticManifest to D:\ESTUDOS\projetos\anp-fuel\dbt\target\semantic_manifest.json
[0m23:26:24.183306 [debug] [MainThread]: Wrote artifact OsiDocument to D:\ESTUDOS\projetos\anp-fuel\dbt\target\osi_document.json
[0m23:26:24.192088 [debug] [MainThread]: Wrote artifact RunExecutionResult to D:\ESTUDOS\projetos\anp-fuel\dbt\target\run_results.json
[0m23:26:24.192526 [info ] [MainThread]: 
[0m23:26:24.193162 [info ] [MainThread]: [32mCompleted successfully[0m
[0m23:26:24.193653 [info ] [MainThread]: 
[0m23:26:24.194119 [info ] [MainThread]: Done. PASS=8 WARN=0 ERROR=0 SKIP=0 NO-OP=0 REUSED=0 TOTAL=8
[0m23:26:24.195095 [debug] [MainThread]: Command `dbt test` succeeded at 23:26:24.194999 after 1.84 seconds
[0m23:26:24.195419 [debug] [MainThread]: Sending event: {'category': 'dbt', 'action': 'invocation', 'label': 'end', 'context': [<snowplow_tracker.self_describing_json.SelfDescribingJson object at 0x000001E9EB698AD0>, <snowplow_tracker.self_describing_json.SelfDescribingJson object at 0x000001E9EB7A36A0>, <snowplow_tracker.self_describing_json.SelfDescribingJson object at 0x000001E9EB7A24C0>]}
[0m23:26:24.195735 [debug] [MainThread]: Flushing usage events
[0m23:26:24.843141 [debug] [MainThread]: An error was encountered while trying to flush usage events
[0m16:43:12.595601 [debug] [MainThread]: Sending event: {'category': 'dbt', 'action': 'invocation', 'label': 'start', 'context': [<snowplow_tracker.self_describing_json.SelfDescribingJson object at 0x0000026F40210830>, <snowplow_tracker.self_describing_json.SelfDescribingJson object at 0x0000026F3DA891D0>, <snowplow_tracker.self_describing_json.SelfDescribingJson object at 0x0000026F42AA7890>]}


============================== 16:43:12.599924 | 0866fda3-ad93-4279-91a6-22a3720ca702 ==============================
[0m16:43:12.599924 [info ] [MainThread]: Running with dbt=1.12.0
[0m16:43:12.600530 [debug] [MainThread]: running dbt with arguments {'maximum_seed_size_mib': '1', 'no_print': 'None', 'static_parser': 'True', 'warn_error_options': 'WarnErrorOptionsV2(error=[], warn=[], silence=[])', 'target_path': 'None', 'version_check': 'True', 'printer_width': '80', 'write_json': 'True', 'empty': 'None', 'log_cache_events': 'False', 'introspect': 'True', 'cache_selected_only': 'False', 'fail_fast': 'False', 'debug': 'False', 'log_format': 'default', 'profiles_dir': 'C:\\Users\\arauj\\.dbt', 'send_anonymous_usage_stats': 'True', 'quiet': 'False', 'warn_error': 'None', 'partial_parse': 'True', 'use_colors': 'True', 'hints_enabled': 'True', 'indirect_selection': 'eager', 'use_experimental_parser': 'False', 'invocation_command': 'dbt docs generate', 'log_path': 'D:\\ESTUDOS\\projetos\\anp-fuel\\dbt\\logs'}
[0m16:43:12.887214 [debug] [MainThread]: Sending event: {'category': 'dbt', 'action': 'project_id', 'label': '0866fda3-ad93-4279-91a6-22a3720ca702', 'context': [<snowplow_tracker.self_describing_json.SelfDescribingJson object at 0x0000026F42A2A9E0>]}
[0m16:43:12.935577 [debug] [MainThread]: Sending event: {'category': 'dbt', 'action': 'adapter_info', 'label': '0866fda3-ad93-4279-91a6-22a3720ca702', 'context': [<snowplow_tracker.self_describing_json.SelfDescribingJson object at 0x0000026F3DA2FF00>]}
[0m16:43:12.937556 [info ] [MainThread]: Registered adapter: postgres=1.11.0
[0m16:43:13.271465 [debug] [MainThread]: checksum: a2adc26f75378a8eb99e8d8f91a2a8f9ec58712ce43e4c142f0908dcdb265eb1, vars: {}, profile: anp_fuel, target: dev, version: 1.12.0
[0m16:43:14.317889 [debug] [MainThread]: Partial parsing enabled: 0 files deleted, 0 files added, 0 files changed.
[0m16:43:14.318229 [debug] [MainThread]: Nothing changed, skipping partial parsing.
[0m16:43:14.318483 [debug] [MainThread]: Partial parsing enabled, no changes found, skipping parsing
[0m16:43:14.326006 [debug] [MainThread]: Sending event: {'category': 'dbt', 'action': 'load_project', 'label': '0866fda3-ad93-4279-91a6-22a3720ca702', 'context': [<snowplow_tracker.self_describing_json.SelfDescribingJson object at 0x0000026F42FDBD50>]}
[0m16:43:14.390299 [debug] [MainThread]: Sending event: {'category': 'dbt', 'action': 'resource_counts', 'label': '0866fda3-ad93-4279-91a6-22a3720ca702', 'context': [<snowplow_tracker.self_describing_json.SelfDescribingJson object at 0x0000026F43058AA0>]}
[0m16:43:14.390690 [info ] [MainThread]: Found 5 models, 8 data tests, 1 source, 477 macros
[0m16:43:14.391048 [debug] [MainThread]: Sending event: {'category': 'dbt', 'action': 'runnable_timing', 'label': '0866fda3-ad93-4279-91a6-22a3720ca702', 'context': [<snowplow_tracker.self_describing_json.SelfDescribingJson object at 0x0000026F43233BD0>]}
[0m16:43:14.392646 [info ] [MainThread]: 
[0m16:43:14.393047 [info ] [MainThread]: Concurrency: 4 threads (target='dev')
[0m16:43:14.393297 [info ] [MainThread]: 
[0m16:43:14.393670 [debug] [MainThread]: Acquiring new postgres connection 'master'
[0m16:43:14.396730 [debug] [ThreadPool]: Acquiring new postgres connection 'list_anp_fuel_public'
[0m16:43:15.563534 [debug] [ThreadPool]: Using postgres connection "list_anp_fuel_public"
[0m16:43:15.563956 [debug] [ThreadPool]: On list_anp_fuel_public: /* {"app": "dbt", "dbt_version": "1.12.0", "profile_name": "anp_fuel", "target_name": "dev", "connection_name": "list_anp_fuel_public"} */
select
      'anp_fuel' as database,
      tablename as name,
      schemaname as schema,
      'table' as type
    from pg_tables
    where schemaname ilike 'public'
    union all
    select
      'anp_fuel' as database,
      viewname as name,
      schemaname as schema,
      'view' as type
    from pg_views
    where schemaname ilike 'public'
    union all
    select
      'anp_fuel' as database,
      matviewname as name,
      schemaname as schema,
      'materialized_view' as type
    from pg_matviews
    where schemaname ilike 'public'
    union all
    select distinct
     'anp_fuel' as database,
     proname as name,
     ns.nspname as schema,
     'function' as type
    from pg_proc
     join pg_namespace as ns on pronamespace = ns.oid
    where ns.nspname ilike 'public'
  
[0m16:43:15.564210 [debug] [ThreadPool]: Opening a new connection, currently in state init
[0m16:43:15.769558 [debug] [ThreadPool]: SQL status: SELECT 6 in 0.205 seconds
[0m16:43:15.770794 [debug] [ThreadPool]: On list_anp_fuel_public: ROLLBACK
[0m16:43:15.771274 [debug] [ThreadPool]: On list_anp_fuel_public: Close
[0m16:43:15.775274 [debug] [MainThread]: Using postgres connection "master"
[0m16:43:15.775596 [debug] [MainThread]: On master: /* {"app": "dbt", "dbt_version": "1.12.0", "profile_name": "anp_fuel", "target_name": "dev", "connection_name": "master"} */
select distinct
        dependent_namespace.nspname as dependent_schema,
        dependent_class.relname as dependent_name,
        referenced_namespace.nspname as referenced_schema,
        referenced_class.relname as referenced_name

    -- Query for views: views are entries in pg_class with an entry in pg_rewrite, but we avoid
    -- a seq scan on pg_rewrite by leveraging the fact there is an "internal" row in pg_depend for
    -- the view...
    from pg_class as dependent_class
    join pg_namespace as dependent_namespace on dependent_namespace.oid = dependent_class.relnamespace
    join pg_depend as dependent_depend on dependent_depend.refobjid = dependent_class.oid
        and dependent_depend.classid = 'pg_rewrite'::regclass
        and dependent_depend.refclassid = 'pg_class'::regclass
        and dependent_depend.deptype = 'i'

    -- ... and via pg_depend (that has a row per column, hence the need for "distinct" above, and
    -- making sure to exclude the internal row to avoid a view appearing to depend on itself)...
    join pg_depend as joining_depend on joining_depend.objid = dependent_depend.objid
        and joining_depend.classid = 'pg_rewrite'::regclass
        and joining_depend.refclassid = 'pg_class'::regclass
        and joining_depend.refobjid != dependent_depend.refobjid

    -- ... we can find the tables they query from in pg_class, but excluding system tables. Note we
    -- don't need need to exclude _dependent_ system tables, because they only query from other
    -- system tables, and so are automatically excluded by excluding _referenced_ system tables
    join pg_class as referenced_class on referenced_class.oid = joining_depend.refobjid
    join pg_namespace as referenced_namespace on referenced_namespace.oid = referenced_class.relnamespace
        and referenced_namespace.nspname != 'information_schema'
        and referenced_namespace.nspname not like 'pg\_%'

    order by
        dependent_schema, dependent_name, referenced_schema, referenced_name;
[0m16:43:15.775922 [debug] [MainThread]: Opening a new connection, currently in state init
[0m16:43:15.937291 [debug] [MainThread]: SQL status: SELECT 1 in 0.161 seconds
[0m16:43:15.938467 [debug] [MainThread]: Sending event: {'category': 'dbt', 'action': 'runnable_timing', 'label': '0866fda3-ad93-4279-91a6-22a3720ca702', 'context': [<snowplow_tracker.self_describing_json.SelfDescribingJson object at 0x0000026F43414C80>]}
[0m16:43:15.938801 [debug] [MainThread]: On master: ROLLBACK
[0m16:43:15.939194 [debug] [MainThread]: On master: Close
[0m16:43:15.945113 [debug] [Thread-1 (]: Began running node model.anp_fuel.stg_precos
[0m16:43:15.945553 [debug] [Thread-1 (]: Acquiring new postgres connection 'model.anp_fuel.stg_precos'
[0m16:43:15.945829 [debug] [Thread-1 (]: Began compiling node model.anp_fuel.stg_precos
[0m16:43:15.950600 [debug] [Thread-1 (]: Writing injected SQL for node "model.anp_fuel.stg_precos"
[0m16:43:15.951212 [debug] [Thread-1 (]: Began executing node model.anp_fuel.stg_precos
[0m16:43:15.951738 [debug] [Thread-1 (]: Finished running node model.anp_fuel.stg_precos
[0m16:43:15.952710 [debug] [Thread-4 (]: Began running node model.anp_fuel.gold_ranking_bandeiras
[0m16:43:15.953907 [debug] [Thread-4 (]: Acquiring new postgres connection 'model.anp_fuel.gold_ranking_bandeiras'
[0m16:43:15.954563 [debug] [Thread-4 (]: Began compiling node model.anp_fuel.gold_ranking_bandeiras
[0m16:43:15.956268 [debug] [Thread-4 (]: Writing injected SQL for node "model.anp_fuel.gold_ranking_bandeiras"
[0m16:43:15.953104 [debug] [Thread-3 (]: Began running node model.anp_fuel.gold_preco_mensal_uf
[0m16:43:15.954236 [debug] [Thread-2 (]: Began running node model.anp_fuel.gold_etanol_vs_gasolina
[0m16:43:15.953490 [debug] [Thread-1 (]: Began running node model.anp_fuel.gold_variacao_mensal
[0m16:43:15.958119 [debug] [Thread-1 (]: Re-using an available connection from the pool (formerly model.anp_fuel.stg_precos, now model.anp_fuel.gold_variacao_mensal)
[0m16:43:15.958410 [debug] [Thread-1 (]: Began compiling node model.anp_fuel.gold_variacao_mensal
[0m16:43:15.956862 [debug] [Thread-3 (]: Acquiring new postgres connection 'model.anp_fuel.gold_preco_mensal_uf'
[0m16:43:15.958686 [debug] [Thread-4 (]: Began executing node model.anp_fuel.gold_ranking_bandeiras
[0m16:43:15.957236 [debug] [Thread-2 (]: Acquiring new postgres connection 'model.anp_fuel.gold_etanol_vs_gasolina'
[0m16:43:15.961130 [debug] [Thread-2 (]: Began compiling node model.anp_fuel.gold_etanol_vs_gasolina
[0m16:43:15.962458 [debug] [Thread-2 (]: Writing injected SQL for node "model.anp_fuel.gold_etanol_vs_gasolina"
[0m16:43:15.960867 [debug] [Thread-4 (]: Finished running node model.anp_fuel.gold_ranking_bandeiras
[0m16:43:15.960059 [debug] [Thread-1 (]: Writing injected SQL for node "model.anp_fuel.gold_variacao_mensal"
[0m16:43:15.960361 [debug] [Thread-3 (]: Began compiling node model.anp_fuel.gold_preco_mensal_uf
[0m16:43:15.964392 [debug] [Thread-3 (]: Writing injected SQL for node "model.anp_fuel.gold_preco_mensal_uf"
[0m16:43:15.962887 [debug] [Thread-4 (]: Began running node test.anp_fuel.accepted_values_stg_precos_produto__GASOLINA__GASOLINA_ADITIVADA__ETANOL__DIESEL__DIESEL_S10__GNV.2f04d79999
[0m16:43:15.965167 [debug] [Thread-4 (]: Re-using an available connection from the pool (formerly model.anp_fuel.gold_ranking_bandeiras, now test.anp_fuel.accepted_values_stg_precos_produto__GASOLINA__GASOLINA_ADITIVADA__ETANOL__DIESEL__DIESEL_S10__GNV.2f04d79999)
[0m16:43:15.965518 [debug] [Thread-4 (]: Began compiling node test.anp_fuel.accepted_values_stg_precos_produto__GASOLINA__GASOLINA_ADITIVADA__ETANOL__DIESEL__DIESEL_S10__GNV.2f04d79999
[0m16:43:15.984069 [debug] [Thread-1 (]: Began executing node model.anp_fuel.gold_variacao_mensal
[0m16:43:15.964839 [debug] [Thread-2 (]: Began executing node model.anp_fuel.gold_etanol_vs_gasolina
[0m16:43:15.984665 [debug] [Thread-1 (]: Finished running node model.anp_fuel.gold_variacao_mensal
[0m16:43:15.991850 [debug] [Thread-1 (]: Began running node test.anp_fuel.not_null_stg_precos_produto.0e50f38ba6
[0m16:43:15.992503 [debug] [Thread-1 (]: Re-using an available connection from the pool (formerly model.anp_fuel.gold_variacao_mensal, now test.anp_fuel.not_null_stg_precos_produto.0e50f38ba6)
[0m16:43:15.990926 [debug] [Thread-4 (]: Writing injected SQL for node "test.anp_fuel.accepted_values_stg_precos_produto__GASOLINA__GASOLINA_ADITIVADA__ETANOL__DIESEL__DIESEL_S10__GNV.2f04d79999"
[0m16:43:15.992241 [debug] [Thread-3 (]: Began executing node model.anp_fuel.gold_preco_mensal_uf
[0m16:43:15.993341 [debug] [Thread-3 (]: Finished running node model.anp_fuel.gold_preco_mensal_uf
[0m16:43:15.991478 [debug] [Thread-2 (]: Finished running node model.anp_fuel.gold_etanol_vs_gasolina
[0m16:43:15.994358 [debug] [Thread-2 (]: Began running node test.anp_fuel.not_null_stg_precos_valor_venda.a79f0a5abd
[0m16:43:15.992742 [debug] [Thread-1 (]: Began compiling node test.anp_fuel.not_null_stg_precos_produto.0e50f38ba6
[0m16:43:15.994054 [debug] [Thread-4 (]: Began executing node test.anp_fuel.accepted_values_stg_precos_produto__GASOLINA__GASOLINA_ADITIVADA__ETANOL__DIESEL__DIESEL_S10__GNV.2f04d79999
[0m16:43:15.994616 [debug] [Thread-2 (]: Re-using an available connection from the pool (formerly model.anp_fuel.gold_etanol_vs_gasolina, now test.anp_fuel.not_null_stg_precos_valor_venda.a79f0a5abd)
[0m16:43:15.993598 [debug] [Thread-3 (]: Began running node test.anp_fuel.not_null_stg_precos_uf.7d9bba4b13
[0m16:43:16.003183 [debug] [Thread-3 (]: Re-using an available connection from the pool (formerly model.anp_fuel.gold_preco_mensal_uf, now test.anp_fuel.not_null_stg_precos_uf.7d9bba4b13)
[0m16:43:16.003409 [debug] [Thread-3 (]: Began compiling node test.anp_fuel.not_null_stg_precos_uf.7d9bba4b13
[0m16:43:16.007309 [debug] [Thread-3 (]: Writing injected SQL for node "test.anp_fuel.not_null_stg_precos_uf.7d9bba4b13"
[0m16:43:16.002628 [debug] [Thread-4 (]: Finished running node test.anp_fuel.accepted_values_stg_precos_produto__GASOLINA__GASOLINA_ADITIVADA__ETANOL__DIESEL__DIESEL_S10__GNV.2f04d79999
[0m16:43:16.002170 [debug] [Thread-1 (]: Writing injected SQL for node "test.anp_fuel.not_null_stg_precos_produto.0e50f38ba6"
[0m16:43:16.007728 [debug] [Thread-4 (]: Began running node test.anp_fuel.not_null_gold_variacao_mensal_preco_medio.81b40edf2b
[0m16:43:16.002920 [debug] [Thread-2 (]: Began compiling node test.anp_fuel.not_null_stg_precos_valor_venda.a79f0a5abd
[0m16:43:16.012961 [debug] [Thread-2 (]: Writing injected SQL for node "test.anp_fuel.not_null_stg_precos_valor_venda.a79f0a5abd"
[0m16:43:16.008525 [debug] [Thread-3 (]: Began executing node test.anp_fuel.not_null_stg_precos_uf.7d9bba4b13
[0m16:43:16.008238 [debug] [Thread-4 (]: Re-using an available connection from the pool (formerly test.anp_fuel.accepted_values_stg_precos_produto__GASOLINA__GASOLINA_ADITIVADA__ETANOL__DIESEL__DIESEL_S10__GNV.2f04d79999, now test.anp_fuel.not_null_gold_variacao_mensal_preco_medio.81b40edf2b)
[0m16:43:16.014093 [debug] [Thread-4 (]: Began compiling node test.anp_fuel.not_null_gold_variacao_mensal_preco_medio.81b40edf2b
[0m16:43:16.018062 [debug] [Thread-4 (]: Writing injected SQL for node "test.anp_fuel.not_null_gold_variacao_mensal_preco_medio.81b40edf2b"
[0m16:43:16.013313 [debug] [Thread-1 (]: Began executing node test.anp_fuel.not_null_stg_precos_produto.0e50f38ba6
[0m16:43:16.013790 [debug] [Thread-3 (]: Finished running node test.anp_fuel.not_null_stg_precos_uf.7d9bba4b13
[0m16:43:16.019188 [debug] [Thread-3 (]: Began running node test.anp_fuel.not_null_gold_preco_mensal_uf_preco_medio.a5219cbe6b
[0m16:43:16.019436 [debug] [Thread-3 (]: Re-using an available connection from the pool (formerly test.anp_fuel.not_null_stg_precos_uf.7d9bba4b13, now test.anp_fuel.not_null_gold_preco_mensal_uf_preco_medio.a5219cbe6b)
[0m16:43:16.019742 [debug] [Thread-3 (]: Began compiling node test.anp_fuel.not_null_gold_preco_mensal_uf_preco_medio.a5219cbe6b
[0m16:43:16.018706 [debug] [Thread-1 (]: Finished running node test.anp_fuel.not_null_stg_precos_produto.0e50f38ba6
[0m16:43:16.023966 [debug] [Thread-1 (]: Began running node test.anp_fuel.accepted_values_gold_etanol_vs_gasolina_combustivel_vantajoso__ETANOL__GASOLINA.b3bf56149a
[0m16:43:16.018932 [debug] [Thread-2 (]: Began executing node test.anp_fuel.not_null_stg_precos_valor_venda.a79f0a5abd
[0m16:43:16.024964 [debug] [Thread-2 (]: Finished running node test.anp_fuel.not_null_stg_precos_valor_venda.a79f0a5abd
[0m16:43:16.023626 [debug] [Thread-3 (]: Writing injected SQL for node "test.anp_fuel.not_null_gold_preco_mensal_uf_preco_medio.a5219cbe6b"
[0m16:43:16.024526 [debug] [Thread-4 (]: Began executing node test.anp_fuel.not_null_gold_variacao_mensal_preco_medio.81b40edf2b
[0m16:43:16.026343 [debug] [Thread-4 (]: Finished running node test.anp_fuel.not_null_gold_variacao_mensal_preco_medio.81b40edf2b
[0m16:43:16.024297 [debug] [Thread-1 (]: Re-using an available connection from the pool (formerly test.anp_fuel.not_null_stg_precos_produto.0e50f38ba6, now test.anp_fuel.accepted_values_gold_etanol_vs_gasolina_combustivel_vantajoso__ETANOL__GASOLINA.b3bf56149a)
[0m16:43:16.025237 [debug] [Thread-2 (]: Began running node test.anp_fuel.not_null_gold_etanol_vs_gasolina_combustivel_vantajoso.cfb6675f25
[0m16:43:16.027051 [debug] [Thread-2 (]: Re-using an available connection from the pool (formerly test.anp_fuel.not_null_stg_precos_valor_venda.a79f0a5abd, now test.anp_fuel.not_null_gold_etanol_vs_gasolina_combustivel_vantajoso.cfb6675f25)
[0m16:43:16.027333 [debug] [Thread-2 (]: Began compiling node test.anp_fuel.not_null_gold_etanol_vs_gasolina_combustivel_vantajoso.cfb6675f25
[0m16:43:16.031468 [debug] [Thread-2 (]: Writing injected SQL for node "test.anp_fuel.not_null_gold_etanol_vs_gasolina_combustivel_vantajoso.cfb6675f25"
[0m16:43:16.026699 [debug] [Thread-1 (]: Began compiling node test.anp_fuel.accepted_values_gold_etanol_vs_gasolina_combustivel_vantajoso__ETANOL__GASOLINA.b3bf56149a
[0m16:43:16.027586 [debug] [Thread-3 (]: Began executing node test.anp_fuel.not_null_gold_preco_mensal_uf_preco_medio.a5219cbe6b
[0m16:43:16.036396 [debug] [Thread-3 (]: Finished running node test.anp_fuel.not_null_gold_preco_mensal_uf_preco_medio.a5219cbe6b
[0m16:43:16.035912 [debug] [Thread-1 (]: Writing injected SQL for node "test.anp_fuel.accepted_values_gold_etanol_vs_gasolina_combustivel_vantajoso__ETANOL__GASOLINA.b3bf56149a"
[0m16:43:16.036832 [debug] [Thread-2 (]: Began executing node test.anp_fuel.not_null_gold_etanol_vs_gasolina_combustivel_vantajoso.cfb6675f25
[0m16:43:16.037313 [debug] [Thread-2 (]: Finished running node test.anp_fuel.not_null_gold_etanol_vs_gasolina_combustivel_vantajoso.cfb6675f25
[0m16:43:16.037673 [debug] [Thread-1 (]: Began executing node test.anp_fuel.accepted_values_gold_etanol_vs_gasolina_combustivel_vantajoso__ETANOL__GASOLINA.b3bf56149a
[0m16:43:16.038957 [debug] [Thread-1 (]: Finished running node test.anp_fuel.accepted_values_gold_etanol_vs_gasolina_combustivel_vantajoso__ETANOL__GASOLINA.b3bf56149a
[0m16:43:16.040014 [debug] [MainThread]: Connection 'master' was properly closed.
[0m16:43:16.040218 [debug] [MainThread]: Connection 'list_anp_fuel_public' was properly closed.
[0m16:43:16.040391 [debug] [MainThread]: Connection 'test.anp_fuel.accepted_values_gold_etanol_vs_gasolina_combustivel_vantajoso__ETANOL__GASOLINA.b3bf56149a' was properly closed.
[0m16:43:16.040557 [debug] [MainThread]: Connection 'test.anp_fuel.not_null_gold_variacao_mensal_preco_medio.81b40edf2b' was properly closed.
[0m16:43:16.040720 [debug] [MainThread]: Connection 'test.anp_fuel.not_null_gold_preco_mensal_uf_preco_medio.a5219cbe6b' was properly closed.
[0m16:43:16.040887 [debug] [MainThread]: Connection 'test.anp_fuel.not_null_gold_etanol_vs_gasolina_combustivel_vantajoso.cfb6675f25' was properly closed.
[0m16:43:16.042305 [debug] [MainThread]: Command end result
[0m16:43:16.114790 [debug] [MainThread]: Wrote artifact WritableManifest to D:\ESTUDOS\projetos\anp-fuel\dbt\target\manifest.json
[0m16:43:16.132040 [debug] [MainThread]: Wrote artifact SemanticManifest to D:\ESTUDOS\projetos\anp-fuel\dbt\target\semantic_manifest.json
[0m16:43:16.162789 [debug] [MainThread]: Wrote artifact OsiDocument to D:\ESTUDOS\projetos\anp-fuel\dbt\target\osi_document.json
[0m16:43:16.169439 [debug] [MainThread]: Wrote artifact RunExecutionResult to D:\ESTUDOS\projetos\anp-fuel\dbt\target\run_results.json
[0m16:43:16.323787 [debug] [MainThread]: Acquiring new postgres connection 'generate_catalog'
[0m16:43:16.324119 [info ] [MainThread]: Building catalog
[0m16:43:16.330985 [debug] [ThreadPool]: Acquiring new postgres connection 'anp_fuel.information_schema'
[0m16:43:16.335434 [debug] [ThreadPool]: Using postgres connection "anp_fuel.information_schema"
[0m16:43:16.335728 [debug] [ThreadPool]: On anp_fuel.information_schema: /* {"app": "dbt", "dbt_version": "1.12.0", "profile_name": "anp_fuel", "target_name": "dev", "connection_name": "anp_fuel.information_schema"} */

    
    

    select
        'anp_fuel' as table_database,
        sch.nspname as table_schema,
        tbl.relname as table_name,
        case tbl.relkind
            when 'v' then 'VIEW'
            when 'm' then 'MATERIALIZED VIEW'
            else 'BASE TABLE'
        end as table_type,
        tbl_desc.description as table_comment,
        col.attname as column_name,
        col.attnum as column_index,
        pg_catalog.format_type(col.atttypid, col.atttypmod) as column_type,
        col_desc.description as column_comment,
        pg_get_userbyid(tbl.relowner) as table_owner

    from pg_catalog.pg_namespace sch
    join pg_catalog.pg_class tbl on tbl.relnamespace = sch.oid
    join pg_catalog.pg_attribute col on col.attrelid = tbl.oid
    left outer join pg_catalog.pg_description tbl_desc on (tbl_desc.objoid = tbl.oid and tbl_desc.objsubid = 0)
    left outer join pg_catalog.pg_description col_desc on (col_desc.objoid = tbl.oid and col_desc.objsubid = col.attnum)
    where ((upper(sch.nspname) = upper('public') and
           upper(tbl.relname) = upper('gold_etanol_vs_gasolina')) or (upper(sch.nspname) = upper('public') and
           upper(tbl.relname) = upper('gold_ranking_bandeiras')) or (upper(sch.nspname) = upper('public') and
           upper(tbl.relname) = upper('gold_variacao_mensal')) or (upper(sch.nspname) = upper('public') and
           upper(tbl.relname) = upper('precos_combustiveis')) or (upper(sch.nspname) = upper('public') and
           upper(tbl.relname) = upper('stg_precos')) or (upper(sch.nspname) = upper('public') and
           upper(tbl.relname) = upper('gold_preco_mensal_uf')))
      and not pg_is_other_temp_schema(sch.oid) -- not a temporary schema belonging to another session
      and tbl.relpersistence in ('p', 'u') -- [p]ermanent table or [u]nlogged table. Exclude [t]emporary tables
      and tbl.relkind in ('r', 'v', 'f', 'p', 'm') -- o[r]dinary table, [v]iew, [f]oreign table, [p]artitioned table, [m]aterialized view. Other values are [i]ndex, [S]equence, [c]omposite type, [t]OAST table
      and col.attnum > 0 -- negative numbers are used for system columns such as oid
      and not col.attisdropped -- column as not been dropped

    order by
        sch.nspname,
        tbl.relname,
        col.attnum
[0m16:43:16.335985 [debug] [ThreadPool]: Opening a new connection, currently in state init
[0m16:43:16.902050 [debug] [ThreadPool]: SQL status: SELECT 51 in 0.566 seconds
[0m16:43:16.904391 [debug] [ThreadPool]: On anp_fuel.information_schema: ROLLBACK
[0m16:43:16.904805 [debug] [ThreadPool]: On anp_fuel.information_schema: Close
[0m16:43:16.914266 [debug] [MainThread]: Wrote artifact CatalogArtifact to D:\ESTUDOS\projetos\anp-fuel\dbt\target\catalog.json
[0m16:43:16.936471 [debug] [MainThread]: Wrote artifact WritableManifest to D:\ESTUDOS\projetos\anp-fuel\dbt\target\manifest.json
[0m16:43:16.938768 [debug] [MainThread]: Wrote artifact SemanticManifest to D:\ESTUDOS\projetos\anp-fuel\dbt\target\semantic_manifest.json
[0m16:43:16.940885 [debug] [MainThread]: Wrote artifact OsiDocument to D:\ESTUDOS\projetos\anp-fuel\dbt\target\osi_document.json
[0m16:43:16.941102 [info ] [MainThread]: Catalog written to D:\ESTUDOS\projetos\anp-fuel\dbt\target\catalog.json
[0m16:43:16.942703 [debug] [MainThread]: Command `dbt docs generate` succeeded at 16:43:16.942615 after 4.53 seconds
[0m16:43:16.942932 [debug] [MainThread]: Connection 'generate_catalog' was properly closed.
[0m16:43:16.943116 [debug] [MainThread]: Connection 'anp_fuel.information_schema' was properly closed.
[0m16:43:16.943326 [debug] [MainThread]: Sending event: {'category': 'dbt', 'action': 'invocation', 'label': 'end', 'context': [<snowplow_tracker.self_describing_json.SelfDescribingJson object at 0x0000026F435E1A90>, <snowplow_tracker.self_describing_json.SelfDescribingJson object at 0x0000026F3F8F2F10>, <snowplow_tracker.self_describing_json.SelfDescribingJson object at 0x0000026F3DCF8050>]}
[0m16:43:16.943566 [debug] [MainThread]: Flushing usage events
[0m16:43:17.616506 [debug] [MainThread]: An error was encountered while trying to flush usage events
[0m16:44:08.373837 [debug] [MainThread]: Sending event: {'category': 'dbt', 'action': 'invocation', 'label': 'start', 'context': [<snowplow_tracker.self_describing_json.SelfDescribingJson object at 0x000001DC275F0830>, <snowplow_tracker.self_describing_json.SelfDescribingJson object at 0x000001DC24E691D0>, <snowplow_tracker.self_describing_json.SelfDescribingJson object at 0x000001DC29E1F890>]}


============================== 16:44:08.377624 | aeeae1ca-ec89-4dd3-8d87-5b9c814bf272 ==============================
[0m16:44:08.377624 [info ] [MainThread]: Running with dbt=1.12.0
[0m16:44:08.378286 [debug] [MainThread]: running dbt with arguments {'version_check': 'True', 'no_print': 'None', 'maximum_seed_size_mib': '1', 'target_path': 'None', 'static_parser': 'True', 'warn_error_options': 'WarnErrorOptionsV2(error=[], warn=[], silence=[])', 'printer_width': '80', 'write_json': 'True', 'empty': 'None', 'log_cache_events': 'False', 'introspect': 'True', 'cache_selected_only': 'False', 'fail_fast': 'False', 'debug': 'False', 'log_format': 'default', 'profiles_dir': 'C:\\Users\\arauj\\.dbt', 'send_anonymous_usage_stats': 'True', 'quiet': 'False', 'warn_error': 'None', 'partial_parse': 'True', 'indirect_selection': 'eager', 'hints_enabled': 'True', 'use_colors': 'True', 'use_experimental_parser': 'False', 'invocation_command': 'dbt docs serve', 'log_path': 'D:\\ESTUDOS\\projetos\\anp-fuel\\dbt\\logs'}
[0m16:44:08.559017 [debug] [MainThread]: Sending event: {'category': 'dbt', 'action': 'project_id', 'label': 'aeeae1ca-ec89-4dd3-8d87-5b9c814bf272', 'context': [<snowplow_tracker.self_describing_json.SelfDescribingJson object at 0x000001DC29EB0FC0>]}
[0m16:44:08.607111 [debug] [MainThread]: Sending event: {'category': 'dbt', 'action': 'adapter_info', 'label': 'aeeae1ca-ec89-4dd3-8d87-5b9c814bf272', 'context': [<snowplow_tracker.self_describing_json.SelfDescribingJson object at 0x000001DC24E13F00>]}
[0m18:16:54.531207 [debug] [MainThread]: Sending event: {'category': 'dbt', 'action': 'invocation', 'label': 'start', 'context': [<snowplow_tracker.self_describing_json.SelfDescribingJson object at 0x0000022926E00830>, <snowplow_tracker.self_describing_json.SelfDescribingJson object at 0x000002292467D1D0>, <snowplow_tracker.self_describing_json.SelfDescribingJson object at 0x000002292960FED0>]}


============================== 18:16:54.534950 | 5142822a-09c2-4c79-b46d-1823b5930cee ==============================
[0m18:16:54.534950 [info ] [MainThread]: Running with dbt=1.12.0
[0m18:16:54.535537 [debug] [MainThread]: running dbt with arguments {'version_check': 'True', 'no_print': 'None', 'maximum_seed_size_mib': '1', 'target_path': 'None', 'warn_error_options': 'WarnErrorOptionsV2(error=[], warn=[], silence=[])', 'static_parser': 'True', 'printer_width': '80', 'write_json': 'True', 'introspect': 'True', 'log_cache_events': 'False', 'empty': 'None', 'cache_selected_only': 'False', 'fail_fast': 'False', 'debug': 'False', 'log_format': 'default', 'profiles_dir': 'C:\\Users\\arauj\\.dbt', 'send_anonymous_usage_stats': 'True', 'quiet': 'False', 'warn_error': 'None', 'partial_parse': 'True', 'use_colors': 'True', 'hints_enabled': 'True', 'indirect_selection': 'eager', 'use_experimental_parser': 'False', 'invocation_command': 'dbt deps', 'log_path': 'D:\\ESTUDOS\\projetos\\anp-fuel\\dbt\\logs'}
[0m18:16:54.683793 [debug] [MainThread]: Sending event: {'category': 'dbt', 'action': 'project_id', 'label': '5142822a-09c2-4c79-b46d-1823b5930cee', 'context': [<snowplow_tracker.self_describing_json.SelfDescribingJson object at 0x0000022929473BB0>]}
[0m18:16:54.838249 [debug] [MainThread]: Set downloads directory='C:\Users\arauj\AppData\Local\Temp\dbt-downloads-sw92zyn_'
[0m18:16:54.838901 [debug] [MainThread]: Making package index registry request: GET https://hub.getdbt.com/api/v1/index.json
[0m18:16:55.013983 [debug] [MainThread]: Response from registry index: GET https://hub.getdbt.com/api/v1/index.json 200
[0m18:16:55.017877 [debug] [MainThread]: Making package registry request: GET https://hub.getdbt.com/api/v1/dbt-labs/dbt_utils.json
[0m18:16:55.101412 [debug] [MainThread]: Response from registry: GET https://hub.getdbt.com/api/v1/dbt-labs/dbt_utils.json 200
[0m18:16:55.115154 [info ] [MainThread]: Updating lock file in file path: D:\ESTUDOS\projetos\anp-fuel\dbt/package-lock.yml
[0m18:16:55.124686 [debug] [MainThread]: Set downloads directory='C:\Users\arauj\AppData\Local\Temp\dbt-downloads-4wltlbiu'
[0m18:16:55.127259 [info ] [MainThread]: Installing dbt-labs/dbt_utils
[0m18:16:55.655606 [info ] [MainThread]: Installed from version 1.4.1
[0m18:16:55.656149 [info ] [MainThread]: Up to date!
[0m18:16:55.656590 [debug] [MainThread]: Sending event: {'category': 'dbt', 'action': 'package', 'label': '5142822a-09c2-4c79-b46d-1823b5930cee', 'property_': 'install', 'context': [<snowplow_tracker.self_describing_json.SelfDescribingJson object at 0x0000022927943AC0>, <snowplow_tracker.self_describing_json.SelfDescribingJson object at 0x0000022927943460>]}
[0m18:16:55.658052 [debug] [MainThread]: Command `dbt deps` succeeded at 18:16:55.657951 after 1.23 seconds
[0m18:16:55.658358 [debug] [MainThread]: Sending event: {'category': 'dbt', 'action': 'invocation', 'label': 'end', 'context': [<snowplow_tracker.self_describing_json.SelfDescribingJson object at 0x00000229299D3750>, <snowplow_tracker.self_describing_json.SelfDescribingJson object at 0x00000229299185F0>, <snowplow_tracker.self_describing_json.SelfDescribingJson object at 0x00000229299E77A0>]}
[0m18:16:55.658641 [debug] [MainThread]: Flushing usage events
[0m18:16:56.577336 [debug] [MainThread]: An error was encountered while trying to flush usage events
[0m18:23:20.200462 [debug] [MainThread]: Sending event: {'category': 'dbt', 'action': 'invocation', 'label': 'start', 'context': [<snowplow_tracker.self_describing_json.SelfDescribingJson object at 0x00000132BFDD4830>, <snowplow_tracker.self_describing_json.SelfDescribingJson object at 0x00000132BD6491D0>, <snowplow_tracker.self_describing_json.SelfDescribingJson object at 0x00000132C266B9D0>]}


============================== 18:23:20.204225 | 26b583ca-9d87-49e5-9a88-8fb131cb9ab4 ==============================
[0m18:23:20.204225 [info ] [MainThread]: Running with dbt=1.12.0
[0m18:23:20.204806 [debug] [MainThread]: running dbt with arguments {'version_check': 'True', 'no_print': 'None', 'static_parser': 'True', 'warn_error_options': 'WarnErrorOptionsV2(error=[], warn=[], silence=[])', 'target_path': 'None', 'maximum_seed_size_mib': '1', 'printer_width': '80', 'write_json': 'True', 'introspect': 'True', 'log_cache_events': 'False', 'empty': 'False', 'cache_selected_only': 'False', 'fail_fast': 'False', 'debug': 'False', 'log_format': 'default', 'partial_parse': 'True', 'send_anonymous_usage_stats': 'True', 'quiet': 'False', 'warn_error': 'None', 'profiles_dir': 'C:\\Users\\arauj\\.dbt', 'indirect_selection': 'eager', 'hints_enabled': 'True', 'use_colors': 'True', 'use_experimental_parser': 'False', 'invocation_command': 'dbt run', 'log_path': 'D:\\ESTUDOS\\projetos\\anp-fuel\\dbt\\logs'}
[0m18:23:20.344391 [debug] [MainThread]: Sending event: {'category': 'dbt', 'action': 'project_id', 'label': '26b583ca-9d87-49e5-9a88-8fb131cb9ab4', 'context': [<snowplow_tracker.self_describing_json.SelfDescribingJson object at 0x00000132C25EEC40>]}
[0m18:23:20.393796 [debug] [MainThread]: Sending event: {'category': 'dbt', 'action': 'adapter_info', 'label': '26b583ca-9d87-49e5-9a88-8fb131cb9ab4', 'context': [<snowplow_tracker.self_describing_json.SelfDescribingJson object at 0x00000132C270BDF0>]}
[0m18:23:20.395087 [info ] [MainThread]: Registered adapter: postgres=1.11.0
[0m18:23:20.547936 [debug] [MainThread]: checksum: a2adc26f75378a8eb99e8d8f91a2a8f9ec58712ce43e4c142f0908dcdb265eb1, vars: {}, profile: anp_fuel, target: dev, version: 1.12.0
[0m18:23:20.631941 [info ] [MainThread]: Unable to do partial parsing because a project dependency has been added
[0m18:23:20.632789 [debug] [MainThread]: Sending event: {'category': 'dbt', 'action': 'partial_parser', 'label': '26b583ca-9d87-49e5-9a88-8fb131cb9ab4', 'context': [<snowplow_tracker.self_describing_json.SelfDescribingJson object at 0x00000132C2B8BC50>]}
[0m18:23:22.166460 [warn ] [MainThread]: [[33mWARNING[0m][MissingArgumentsPropertyInGenericTestDeprecation]: Deprecated
functionality
Found top-level arguments to test `accepted_values` defined on
'gold_etanol_vs_gasolina' in package 'anp_fuel' (models\marts\schema.yml).
Arguments to generic tests should be nested under the `arguments` property.
[0m18:23:22.167086 [debug] [MainThread]: Sending event: {'category': 'dbt', 'action': 'deprecation', 'label': '26b583ca-9d87-49e5-9a88-8fb131cb9ab4', 'property_': 'warn', 'context': [<snowplow_tracker.self_describing_json.SelfDescribingJson object at 0x00000132C310D220>]}
[0m18:23:22.375509 [debug] [MainThread]: Sending event: {'category': 'dbt', 'action': 'load_project', 'label': '26b583ca-9d87-49e5-9a88-8fb131cb9ab4', 'context': [<snowplow_tracker.self_describing_json.SelfDescribingJson object at 0x00000132C30CCC90>]}
[0m18:23:22.453861 [debug] [MainThread]: Wrote artifact WritableManifest to D:\ESTUDOS\projetos\anp-fuel\dbt\target\manifest.json
[0m18:23:22.456426 [debug] [MainThread]: Wrote artifact SemanticManifest to D:\ESTUDOS\projetos\anp-fuel\dbt\target\semantic_manifest.json
[0m18:23:22.477724 [debug] [MainThread]: Wrote artifact OsiDocument to D:\ESTUDOS\projetos\anp-fuel\dbt\target\osi_document.json
[0m18:23:22.489574 [debug] [MainThread]: Sending event: {'category': 'dbt', 'action': 'resource_counts', 'label': '26b583ca-9d87-49e5-9a88-8fb131cb9ab4', 'context': [<snowplow_tracker.self_describing_json.SelfDescribingJson object at 0x00000132C33646D0>]}
[0m18:23:22.489955 [info ] [MainThread]: Found 9 models, 18 data tests, 1 source, 593 macros
[0m18:23:22.490327 [debug] [MainThread]: Sending event: {'category': 'dbt', 'action': 'runnable_timing', 'label': '26b583ca-9d87-49e5-9a88-8fb131cb9ab4', 'context': [<snowplow_tracker.self_describing_json.SelfDescribingJson object at 0x00000132C332EB10>]}
[0m18:23:22.492130 [info ] [MainThread]: 
[0m18:23:22.492482 [info ] [MainThread]: Concurrency: 4 threads (target='dev')
[0m18:23:22.492737 [info ] [MainThread]: 
[0m18:23:22.493243 [debug] [MainThread]: Acquiring new postgres connection 'master'
[0m18:23:22.496397 [debug] [ThreadPool]: Acquiring new postgres connection 'list_anp_fuel'
[0m18:23:22.540573 [debug] [ThreadPool]: Using postgres connection "list_anp_fuel"
[0m18:23:22.540948 [debug] [ThreadPool]: On list_anp_fuel: /* {"app": "dbt", "dbt_version": "1.12.0", "profile_name": "anp_fuel", "target_name": "dev", "connection_name": "list_anp_fuel"} */

    select distinct nspname from pg_namespace
  
[0m18:23:22.541189 [debug] [ThreadPool]: Opening a new connection, currently in state init
[0m18:23:22.581702 [debug] [ThreadPool]: SQL status: SELECT 4 in 0.040 seconds
[0m18:23:22.582786 [debug] [ThreadPool]: On list_anp_fuel: Close
[0m18:23:22.584417 [debug] [ThreadPool]: Acquiring new postgres connection 'list_anp_fuel_public'
[0m18:23:22.589075 [debug] [ThreadPool]: Using postgres connection "list_anp_fuel_public"
[0m18:23:22.589380 [debug] [ThreadPool]: On list_anp_fuel_public: /* {"app": "dbt", "dbt_version": "1.12.0", "profile_name": "anp_fuel", "target_name": "dev", "connection_name": "list_anp_fuel_public"} */
select
      'anp_fuel' as database,
      tablename as name,
      schemaname as schema,
      'table' as type
    from pg_tables
    where schemaname ilike 'public'
    union all
    select
      'anp_fuel' as database,
      viewname as name,
      schemaname as schema,
      'view' as type
    from pg_views
    where schemaname ilike 'public'
    union all
    select
      'anp_fuel' as database,
      matviewname as name,
      schemaname as schema,
      'materialized_view' as type
    from pg_matviews
    where schemaname ilike 'public'
    union all
    select distinct
     'anp_fuel' as database,
     proname as name,
     ns.nspname as schema,
     'function' as type
    from pg_proc
     join pg_namespace as ns on pronamespace = ns.oid
    where ns.nspname ilike 'public'
  
[0m18:23:22.589623 [debug] [ThreadPool]: Opening a new connection, currently in state init
[0m18:23:22.631784 [debug] [ThreadPool]: SQL status: SELECT 6 in 0.042 seconds
[0m18:23:22.632858 [debug] [ThreadPool]: On list_anp_fuel_public: ROLLBACK
[0m18:23:22.633337 [debug] [ThreadPool]: On list_anp_fuel_public: Close
[0m18:23:22.637492 [debug] [MainThread]: Using postgres connection "master"
[0m18:23:22.637864 [debug] [MainThread]: On master: /* {"app": "dbt", "dbt_version": "1.12.0", "profile_name": "anp_fuel", "target_name": "dev", "connection_name": "master"} */
select distinct
        dependent_namespace.nspname as dependent_schema,
        dependent_class.relname as dependent_name,
        referenced_namespace.nspname as referenced_schema,
        referenced_class.relname as referenced_name

    -- Query for views: views are entries in pg_class with an entry in pg_rewrite, but we avoid
    -- a seq scan on pg_rewrite by leveraging the fact there is an "internal" row in pg_depend for
    -- the view...
    from pg_class as dependent_class
    join pg_namespace as dependent_namespace on dependent_namespace.oid = dependent_class.relnamespace
    join pg_depend as dependent_depend on dependent_depend.refobjid = dependent_class.oid
        and dependent_depend.classid = 'pg_rewrite'::regclass
        and dependent_depend.refclassid = 'pg_class'::regclass
        and dependent_depend.deptype = 'i'

    -- ... and via pg_depend (that has a row per column, hence the need for "distinct" above, and
    -- making sure to exclude the internal row to avoid a view appearing to depend on itself)...
    join pg_depend as joining_depend on joining_depend.objid = dependent_depend.objid
        and joining_depend.classid = 'pg_rewrite'::regclass
        and joining_depend.refclassid = 'pg_class'::regclass
        and joining_depend.refobjid != dependent_depend.refobjid

    -- ... we can find the tables they query from in pg_class, but excluding system tables. Note we
    -- don't need need to exclude _dependent_ system tables, because they only query from other
    -- system tables, and so are automatically excluded by excluding _referenced_ system tables
    join pg_class as referenced_class on referenced_class.oid = joining_depend.refobjid
    join pg_namespace as referenced_namespace on referenced_namespace.oid = referenced_class.relnamespace
        and referenced_namespace.nspname != 'information_schema'
        and referenced_namespace.nspname not like 'pg\_%'

    order by
        dependent_schema, dependent_name, referenced_schema, referenced_name;
[0m18:23:22.638168 [debug] [MainThread]: Opening a new connection, currently in state init
[0m18:23:22.677027 [debug] [MainThread]: SQL status: SELECT 1 in 0.039 seconds
[0m18:23:22.678185 [debug] [MainThread]: Sending event: {'category': 'dbt', 'action': 'runnable_timing', 'label': '26b583ca-9d87-49e5-9a88-8fb131cb9ab4', 'context': [<snowplow_tracker.self_describing_json.SelfDescribingJson object at 0x00000132C32773E0>]}
[0m18:23:22.678546 [debug] [MainThread]: On master: ROLLBACK
[0m18:23:22.678923 [debug] [MainThread]: On master: COMMIT
[0m18:23:22.679199 [debug] [MainThread]: Using postgres connection "master"
[0m18:23:22.679413 [debug] [MainThread]: On master: COMMIT
[0m18:23:22.681011 [debug] [MainThread]: SQL status: COMMIT in 0.001 seconds
[0m18:23:22.681253 [debug] [MainThread]: On master: Close
[0m18:23:22.685783 [debug] [Thread-1 (]: Began running node model.anp_fuel.stg_precos
[0m18:23:22.686362 [info ] [Thread-1 (]: 1 of 9 START sql view model public.stg_precos .................................. [RUN]
[0m18:23:22.686968 [debug] [Thread-1 (]: Acquiring new postgres connection 'model.anp_fuel.stg_precos'
[0m18:23:22.687240 [debug] [Thread-1 (]: Began compiling node model.anp_fuel.stg_precos
[0m18:23:22.691594 [debug] [Thread-1 (]: Writing injected SQL for node "model.anp_fuel.stg_precos"
[0m18:23:22.692218 [debug] [Thread-1 (]: Began executing node model.anp_fuel.stg_precos
[0m18:23:22.721126 [debug] [Thread-1 (]: Writing runtime sql for node "model.anp_fuel.stg_precos"
[0m18:23:22.722027 [debug] [Thread-1 (]: Using postgres connection "model.anp_fuel.stg_precos"
[0m18:23:22.722496 [debug] [Thread-1 (]: On model.anp_fuel.stg_precos: /* {"app": "dbt", "dbt_version": "1.12.0", "profile_name": "anp_fuel", "target_name": "dev", "node_id": "model.anp_fuel.stg_precos"} */

  create view "anp_fuel"."public"."stg_precos__dbt_tmp"
    
    
  as (
    -- Staging: ponte padronizada entre a fonte e os modelos analíticos.
-- Regra: só renomes leves, casts e derivações simples. Nada de agregação.

SELECT
    id,
    revenda,
    cnpj,
    regiao,
    uf,
    cidade,
    bairro,
    produto,
    data_coleta,
    valor_venda,
    bandeira,
    DATE_TRUNC('month', data_coleta)::date AS mes_coleta
FROM "anp_fuel"."public"."precos_combustiveis"
  );
[0m18:23:22.722777 [debug] [Thread-1 (]: Opening a new connection, currently in state init
[0m18:23:22.813347 [debug] [Thread-1 (]: SQL status: CREATE VIEW in 0.090 seconds
[0m18:23:22.817831 [debug] [Thread-1 (]: Using postgres connection "model.anp_fuel.stg_precos"
[0m18:23:22.818142 [debug] [Thread-1 (]: On model.anp_fuel.stg_precos: /* {"app": "dbt", "dbt_version": "1.12.0", "profile_name": "anp_fuel", "target_name": "dev", "node_id": "model.anp_fuel.stg_precos"} */
alter table "anp_fuel"."public"."stg_precos" rename to "stg_precos__dbt_backup"
[0m18:23:22.818751 [debug] [Thread-1 (]: SQL status: ALTER TABLE in 0.000 seconds
[0m18:23:22.820221 [debug] [Thread-1 (]: Using postgres connection "model.anp_fuel.stg_precos"
[0m18:23:22.820473 [debug] [Thread-1 (]: On model.anp_fuel.stg_precos: /* {"app": "dbt", "dbt_version": "1.12.0", "profile_name": "anp_fuel", "target_name": "dev", "node_id": "model.anp_fuel.stg_precos"} */
alter table "anp_fuel"."public"."stg_precos__dbt_tmp" rename to "stg_precos"
[0m18:23:22.821447 [debug] [Thread-1 (]: SQL status: ALTER TABLE in 0.001 seconds
[0m18:23:22.833931 [debug] [Thread-1 (]: On model.anp_fuel.stg_precos: COMMIT
[0m18:23:22.834197 [debug] [Thread-1 (]: Using postgres connection "model.anp_fuel.stg_precos"
[0m18:23:22.834424 [debug] [Thread-1 (]: On model.anp_fuel.stg_precos: COMMIT
[0m18:23:22.835863 [debug] [Thread-1 (]: SQL status: COMMIT in 0.001 seconds
[0m18:23:22.842385 [debug] [Thread-1 (]: Applying DROP to: "anp_fuel"."public"."stg_precos__dbt_backup"
[0m18:23:22.845496 [debug] [Thread-1 (]: Using postgres connection "model.anp_fuel.stg_precos"
[0m18:23:22.845768 [debug] [Thread-1 (]: On model.anp_fuel.stg_precos: /* {"app": "dbt", "dbt_version": "1.12.0", "profile_name": "anp_fuel", "target_name": "dev", "node_id": "model.anp_fuel.stg_precos"} */
drop view if exists "anp_fuel"."public"."stg_precos__dbt_backup" cascade
[0m18:23:22.852911 [debug] [Thread-1 (]: SQL status: DROP VIEW in 0.007 seconds
[0m18:23:22.854790 [debug] [Thread-1 (]: On model.anp_fuel.stg_precos: Close
[0m18:23:22.856681 [debug] [Thread-1 (]: Sending event: {'category': 'dbt', 'action': 'run_model', 'label': '26b583ca-9d87-49e5-9a88-8fb131cb9ab4', 'context': [<snowplow_tracker.self_describing_json.SelfDescribingJson object at 0x00000132C35DA2B0>]}
[0m18:23:22.857277 [info ] [Thread-1 (]: 1 of 9 OK created sql view model public.stg_precos ............................. [[32mCREATE VIEW[0m in 0.17s]
[0m18:23:22.858022 [debug] [Thread-1 (]: Finished running node model.anp_fuel.stg_precos
[0m18:23:22.858880 [debug] [Thread-2 (]: Began running node model.anp_fuel.dim_posto
[0m18:23:22.859259 [debug] [Thread-4 (]: Began running node model.anp_fuel.dim_tempo
[0m18:23:22.859577 [debug] [Thread-3 (]: Began running node model.anp_fuel.dim_produto
[0m18:23:22.860075 [info ] [Thread-2 (]: 2 of 9 START sql table model public.dim_posto .................................. [RUN]
[0m18:23:22.861511 [debug] [Thread-2 (]: Acquiring new postgres connection 'model.anp_fuel.dim_posto'
[0m18:23:22.860534 [debug] [Thread-1 (]: Began running node model.anp_fuel.fato_coleta
[0m18:23:22.861782 [debug] [Thread-2 (]: Began compiling node model.anp_fuel.dim_posto
[0m18:23:22.864403 [debug] [Thread-2 (]: Writing injected SQL for node "model.anp_fuel.dim_posto"
[0m18:23:22.860874 [info ] [Thread-4 (]: 4 of 9 START sql table model public.dim_tempo .................................. [RUN]
[0m18:23:22.865133 [debug] [Thread-4 (]: Acquiring new postgres connection 'model.anp_fuel.dim_tempo'
[0m18:23:22.865459 [debug] [Thread-4 (]: Began compiling node model.anp_fuel.dim_tempo
[0m18:23:22.867762 [debug] [Thread-4 (]: Writing injected SQL for node "model.anp_fuel.dim_tempo"
[0m18:23:22.861167 [info ] [Thread-3 (]: 3 of 9 START sql table model public.dim_produto ................................ [RUN]
[0m18:23:22.862150 [info ] [Thread-1 (]: 5 of 9 START sql table model public.fato_coleta ................................ [RUN]
[0m18:23:22.869244 [debug] [Thread-1 (]: Re-using an available connection from the pool (formerly model.anp_fuel.stg_precos, now model.anp_fuel.fato_coleta)
[0m18:23:22.869939 [debug] [Thread-1 (]: Began compiling node model.anp_fuel.fato_coleta
[0m18:23:22.868386 [debug] [Thread-3 (]: Acquiring new postgres connection 'model.anp_fuel.dim_produto'
[0m18:23:22.868887 [debug] [Thread-2 (]: Began executing node model.anp_fuel.dim_posto
[0m18:23:22.874669 [debug] [Thread-1 (]: Writing injected SQL for node "model.anp_fuel.fato_coleta"
[0m18:23:22.875726 [debug] [Thread-3 (]: Began compiling node model.anp_fuel.dim_produto
[0m18:23:22.876271 [debug] [Thread-4 (]: Began executing node model.anp_fuel.dim_tempo
[0m18:23:22.895604 [debug] [Thread-2 (]: Writing runtime sql for node "model.anp_fuel.dim_posto"
[0m18:23:22.898275 [debug] [Thread-3 (]: Writing injected SQL for node "model.anp_fuel.dim_produto"
[0m18:23:22.901545 [debug] [Thread-1 (]: Began executing node model.anp_fuel.fato_coleta
[0m18:23:22.904143 [debug] [Thread-1 (]: Writing runtime sql for node "model.anp_fuel.fato_coleta"
[0m18:23:22.900886 [debug] [Thread-4 (]: Writing runtime sql for node "model.anp_fuel.dim_tempo"
[0m18:23:22.904842 [debug] [Thread-3 (]: Began executing node model.anp_fuel.dim_produto
[0m18:23:22.906839 [debug] [Thread-3 (]: Writing runtime sql for node "model.anp_fuel.dim_produto"
[0m18:23:22.907204 [debug] [Thread-2 (]: Using postgres connection "model.anp_fuel.dim_posto"
[0m18:23:22.907659 [debug] [Thread-2 (]: On model.anp_fuel.dim_posto: /* {"app": "dbt", "dbt_version": "1.12.0", "profile_name": "anp_fuel", "target_name": "dev", "node_id": "model.anp_fuel.dim_posto"} */

  
    

  create  table "anp_fuel"."public"."dim_posto__dbt_tmp"
  
  
    as
  
  (
    -- Dimensão posto: uma linha por CNPJ (estabelecimento revendedor).

SELECT
    md5(cast(coalesce(cast(cnpj as TEXT), '_dbt_utils_surrogate_key_null_') as TEXT)) AS sk_posto,
    cnpj,
    MAX(revenda)  AS revenda,
    MAX(bandeira) AS bandeira,
    MAX(uf)       AS uf,
    MAX(cidade)   AS cidade,
    MAX(bairro)   AS bairro
FROM "anp_fuel"."public"."stg_precos"
GROUP BY cnpj
  );
  
[0m18:23:22.907982 [debug] [Thread-2 (]: Opening a new connection, currently in state init
[0m18:23:22.908512 [debug] [Thread-1 (]: Using postgres connection "model.anp_fuel.fato_coleta"
[0m18:23:22.908863 [debug] [Thread-1 (]: On model.anp_fuel.fato_coleta: /* {"app": "dbt", "dbt_version": "1.12.0", "profile_name": "anp_fuel", "target_name": "dev", "node_id": "model.anp_fuel.fato_coleta"} */

  
    

  create  table "anp_fuel"."public"."fato_coleta__dbt_tmp"
  
  
    as
  
  (
    -- Fato: uma linha por coleta de preço (grão: posto × produto × data).

SELECT
    md5(cast(coalesce(cast(s.cnpj as TEXT), '_dbt_utils_surrogate_key_null_') as TEXT))        AS sk_posto,
    md5(cast(coalesce(cast(s.produto as TEXT), '_dbt_utils_surrogate_key_null_') as TEXT))     AS sk_produto,
    md5(cast(coalesce(cast(s.data_coleta as TEXT), '_dbt_utils_surrogate_key_null_') as TEXT)) AS sk_tempo,
    s.valor_venda
FROM "anp_fuel"."public"."stg_precos" s
  );
  
[0m18:23:22.909779 [debug] [Thread-1 (]: Opening a new connection, currently in state closed
[0m18:23:22.909522 [debug] [Thread-3 (]: Using postgres connection "model.anp_fuel.dim_produto"
[0m18:23:22.910188 [debug] [Thread-3 (]: On model.anp_fuel.dim_produto: /* {"app": "dbt", "dbt_version": "1.12.0", "profile_name": "anp_fuel", "target_name": "dev", "node_id": "model.anp_fuel.dim_produto"} */

  
    

  create  table "anp_fuel"."public"."dim_produto__dbt_tmp"
  
  
    as
  
  (
    -- Dimensão produto: uma linha por combustível.

SELECT
    md5(cast(coalesce(cast(produto as TEXT), '_dbt_utils_surrogate_key_null_') as TEXT)) AS sk_produto,
    produto,
    unidade_medida
FROM "anp_fuel"."public"."stg_precos"
GROUP BY produto, unidade_medida
  );
  
[0m18:23:22.909219 [debug] [Thread-4 (]: Using postgres connection "model.anp_fuel.dim_tempo"
[0m18:23:22.910844 [debug] [Thread-4 (]: On model.anp_fuel.dim_tempo: /* {"app": "dbt", "dbt_version": "1.12.0", "profile_name": "anp_fuel", "target_name": "dev", "node_id": "model.anp_fuel.dim_tempo"} */

  
    

  create  table "anp_fuel"."public"."dim_tempo__dbt_tmp"
  
  
    as
  
  (
    -- Dimensão tempo: uma linha por data presente na série.

SELECT DISTINCT
    md5(cast(coalesce(cast(data_coleta as TEXT), '_dbt_utils_surrogate_key_null_') as TEXT)) AS sk_tempo,
    data_coleta,
    EXTRACT(YEAR    FROM data_coleta)::int  AS ano,
    EXTRACT(MONTH   FROM data_coleta)::int  AS mes,
    EXTRACT(QUARTER FROM data_coleta)::int  AS trimestre,
    CASE WHEN EXTRACT(MONTH FROM data_coleta) <= 6 THEN 1 ELSE 2 END AS semestre,
    TO_CHAR(data_coleta, 'TMMonth')         AS nome_mes,
    EXTRACT(ISODOW FROM data_coleta)::int   AS dia_semana
FROM "anp_fuel"."public"."stg_precos"
  );
  
[0m18:23:22.911154 [debug] [Thread-4 (]: Opening a new connection, currently in state init
[0m18:23:22.910524 [debug] [Thread-3 (]: Opening a new connection, currently in state init
[0m18:23:22.963102 [debug] [Thread-3 (]: Postgres adapter: Postgres error: ERRO:  coluna "unidade_medida" não existe
LINE 17:     unidade_medida
             ^

[0m18:23:22.963638 [debug] [Thread-3 (]: On model.anp_fuel.dim_produto: ROLLBACK
[0m18:23:22.964288 [debug] [Thread-3 (]: On model.anp_fuel.dim_produto: Close
[0m18:23:23.086149 [debug] [Thread-3 (]: Database Error in model dim_produto (models\marts\dim_produto.sql)
  ERRO:  coluna "unidade_medida" não existe
  LINE 17:     unidade_medida
               ^
  compiled code at target\run\anp_fuel\models\marts\dim_produto.sql
[0m18:23:23.086984 [debug] [Thread-3 (]: Sending event: {'category': 'dbt', 'action': 'run_model', 'label': '26b583ca-9d87-49e5-9a88-8fb131cb9ab4', 'context': [<snowplow_tracker.self_describing_json.SelfDescribingJson object at 0x00000132C35B60D0>]}
[0m18:23:23.087849 [error] [Thread-3 (]: 3 of 9 ERROR creating sql table model public.dim_produto ....................... [[31mERROR[0m in 0.22s]
[0m18:23:23.088710 [debug] [Thread-3 (]: Finished running node model.anp_fuel.dim_produto
[0m18:23:23.089301 [debug] [Thread-3 (]: Began running node model.anp_fuel.gold_etanol_vs_gasolina
[0m18:23:23.089871 [debug] [Thread-7 (]: Marking all children of 'model.anp_fuel.dim_produto' to be skipped because of status 'error'.  Reason: Database Error in model dim_produto (models\marts\dim_produto.sql)
  ERRO:  coluna "unidade_medida" não existe
  LINE 17:     unidade_medida
               ^
  compiled code at target\run\anp_fuel\models\marts\dim_produto.sql.
[0m18:23:23.090302 [info ] [Thread-3 (]: 6 of 9 START sql table model public.gold_etanol_vs_gasolina .................... [RUN]
[0m18:23:23.091354 [debug] [Thread-3 (]: Re-using an available connection from the pool (formerly model.anp_fuel.dim_produto, now model.anp_fuel.gold_etanol_vs_gasolina)
[0m18:23:23.091657 [debug] [Thread-3 (]: Began compiling node model.anp_fuel.gold_etanol_vs_gasolina
[0m18:23:23.093655 [debug] [Thread-3 (]: Writing injected SQL for node "model.anp_fuel.gold_etanol_vs_gasolina"
[0m18:23:23.094424 [debug] [Thread-3 (]: Began executing node model.anp_fuel.gold_etanol_vs_gasolina
[0m18:23:23.097708 [debug] [Thread-3 (]: Writing runtime sql for node "model.anp_fuel.gold_etanol_vs_gasolina"
[0m18:23:23.098907 [debug] [Thread-3 (]: Using postgres connection "model.anp_fuel.gold_etanol_vs_gasolina"
[0m18:23:23.099490 [debug] [Thread-3 (]: On model.anp_fuel.gold_etanol_vs_gasolina: /* {"app": "dbt", "dbt_version": "1.12.0", "profile_name": "anp_fuel", "target_name": "dev", "node_id": "model.anp_fuel.gold_etanol_vs_gasolina"} */

  
    

  create  table "anp_fuel"."public"."gold_etanol_vs_gasolina__dbt_tmp"
  
  
    as
  
  (
    -- Compara preço médio mensal de etanol e gasolina por UF e aplica a
-- regra dos 70%: etanol compensa se custar até 70% da gasolina
-- (por render ~30% menos por litro).

WITH precos_mensais AS (
    SELECT
        uf,
        mes_coleta,
        produto,
        AVG(valor_venda) AS preco_medio
    FROM "anp_fuel"."public"."stg_precos"
    WHERE produto IN ('ETANOL', 'GASOLINA')
    GROUP BY uf, mes_coleta, produto
),

pivotado AS (
    SELECT
        uf,
        mes_coleta,
        MAX(CASE WHEN produto = 'ETANOL'   THEN preco_medio END) AS preco_etanol,
        MAX(CASE WHEN produto = 'GASOLINA' THEN preco_medio END) AS preco_gasolina
    FROM precos_mensais
    GROUP BY uf, mes_coleta
)

SELECT
    uf,
    mes_coleta,
    ROUND(preco_etanol, 3)                       AS preco_etanol,
    ROUND(preco_gasolina, 3)                     AS preco_gasolina,
    ROUND(preco_etanol / preco_gasolina, 4)      AS razao_etanol_gasolina,
    CASE
        WHEN preco_etanol / preco_gasolina <= 0.70 THEN 'ETANOL'
        ELSE 'GASOLINA'
    END                                          AS combustivel_vantajoso
FROM pivotado
WHERE preco_etanol IS NOT NULL
  AND preco_gasolina IS NOT NULL
  );
  
[0m18:23:23.100039 [debug] [Thread-3 (]: Opening a new connection, currently in state closed
[0m18:23:24.143230 [debug] [Thread-3 (]: SQL status: SELECT 1134 in 1.043 seconds
[0m18:23:24.149035 [debug] [Thread-3 (]: Using postgres connection "model.anp_fuel.gold_etanol_vs_gasolina"
[0m18:23:24.149414 [debug] [Thread-3 (]: On model.anp_fuel.gold_etanol_vs_gasolina: /* {"app": "dbt", "dbt_version": "1.12.0", "profile_name": "anp_fuel", "target_name": "dev", "node_id": "model.anp_fuel.gold_etanol_vs_gasolina"} */
alter table "anp_fuel"."public"."gold_etanol_vs_gasolina" rename to "gold_etanol_vs_gasolina__dbt_backup"
[0m18:23:24.150275 [debug] [Thread-3 (]: SQL status: ALTER TABLE in 0.001 seconds
[0m18:23:24.151976 [debug] [Thread-3 (]: Using postgres connection "model.anp_fuel.gold_etanol_vs_gasolina"
[0m18:23:24.152285 [debug] [Thread-3 (]: On model.anp_fuel.gold_etanol_vs_gasolina: /* {"app": "dbt", "dbt_version": "1.12.0", "profile_name": "anp_fuel", "target_name": "dev", "node_id": "model.anp_fuel.gold_etanol_vs_gasolina"} */
alter table "anp_fuel"."public"."gold_etanol_vs_gasolina__dbt_tmp" rename to "gold_etanol_vs_gasolina"
[0m18:23:24.153047 [debug] [Thread-3 (]: SQL status: ALTER TABLE in 0.000 seconds
[0m18:23:24.154416 [debug] [Thread-3 (]: On model.anp_fuel.gold_etanol_vs_gasolina: COMMIT
[0m18:23:24.154732 [debug] [Thread-3 (]: Using postgres connection "model.anp_fuel.gold_etanol_vs_gasolina"
[0m18:23:24.155004 [debug] [Thread-3 (]: On model.anp_fuel.gold_etanol_vs_gasolina: COMMIT
[0m18:23:24.160324 [debug] [Thread-3 (]: SQL status: COMMIT in 0.005 seconds
[0m18:23:24.161703 [debug] [Thread-3 (]: Applying DROP to: "anp_fuel"."public"."gold_etanol_vs_gasolina__dbt_backup"
[0m18:23:24.164074 [debug] [Thread-3 (]: Using postgres connection "model.anp_fuel.gold_etanol_vs_gasolina"
[0m18:23:24.164374 [debug] [Thread-3 (]: On model.anp_fuel.gold_etanol_vs_gasolina: /* {"app": "dbt", "dbt_version": "1.12.0", "profile_name": "anp_fuel", "target_name": "dev", "node_id": "model.anp_fuel.gold_etanol_vs_gasolina"} */
drop table if exists "anp_fuel"."public"."gold_etanol_vs_gasolina__dbt_backup" cascade
[0m18:23:24.187591 [debug] [Thread-3 (]: SQL status: DROP TABLE in 0.023 seconds
[0m18:23:24.188937 [debug] [Thread-3 (]: On model.anp_fuel.gold_etanol_vs_gasolina: Close
[0m18:23:24.189588 [debug] [Thread-3 (]: Sending event: {'category': 'dbt', 'action': 'run_model', 'label': '26b583ca-9d87-49e5-9a88-8fb131cb9ab4', 'context': [<snowplow_tracker.self_describing_json.SelfDescribingJson object at 0x00000132C36C4C90>]}
[0m18:23:24.190132 [info ] [Thread-3 (]: 6 of 9 OK created sql table model public.gold_etanol_vs_gasolina ............... [[32mSELECT 1134[0m in 1.10s]
[0m18:23:24.190887 [debug] [Thread-3 (]: Finished running node model.anp_fuel.gold_etanol_vs_gasolina
[0m18:23:24.191347 [debug] [Thread-3 (]: Began running node model.anp_fuel.gold_preco_mensal_uf
[0m18:23:24.191870 [info ] [Thread-3 (]: 7 of 9 START sql table model public.gold_preco_mensal_uf ....................... [RUN]
[0m18:23:24.192359 [debug] [Thread-3 (]: Re-using an available connection from the pool (formerly model.anp_fuel.gold_etanol_vs_gasolina, now model.anp_fuel.gold_preco_mensal_uf)
[0m18:23:24.192755 [debug] [Thread-3 (]: Began compiling node model.anp_fuel.gold_preco_mensal_uf
[0m18:23:24.194838 [debug] [Thread-3 (]: Writing injected SQL for node "model.anp_fuel.gold_preco_mensal_uf"
[0m18:23:24.195548 [debug] [Thread-3 (]: Began executing node model.anp_fuel.gold_preco_mensal_uf
[0m18:23:24.197897 [debug] [Thread-3 (]: Writing runtime sql for node "model.anp_fuel.gold_preco_mensal_uf"
[0m18:23:24.198556 [debug] [Thread-3 (]: Using postgres connection "model.anp_fuel.gold_preco_mensal_uf"
[0m18:23:24.198871 [debug] [Thread-3 (]: On model.anp_fuel.gold_preco_mensal_uf: /* {"app": "dbt", "dbt_version": "1.12.0", "profile_name": "anp_fuel", "target_name": "dev", "node_id": "model.anp_fuel.gold_preco_mensal_uf"} */

  
    

  create  table "anp_fuel"."public"."gold_preco_mensal_uf__dbt_tmp"
  
  
    as
  
  (
    -- Preço médio mensal por UF e produto — tabela pronta para análise/dashboard.

SELECT
    uf,
    produto,
    mes_coleta,
    ROUND(AVG(valor_venda), 3) AS preco_medio,
    MIN(valor_venda)           AS preco_min,
    MAX(valor_venda)           AS preco_max,
    COUNT(*)                   AS qtd_coletas
FROM "anp_fuel"."public"."stg_precos"
GROUP BY uf, produto, mes_coleta
  );
  
[0m18:23:24.199158 [debug] [Thread-3 (]: Opening a new connection, currently in state closed
[0m18:23:24.204214 [debug] [Thread-2 (]: SQL status: SELECT 16908 in 1.296 seconds
[0m18:23:24.206823 [debug] [Thread-2 (]: Using postgres connection "model.anp_fuel.dim_posto"
[0m18:23:24.207980 [debug] [Thread-2 (]: On model.anp_fuel.dim_posto: /* {"app": "dbt", "dbt_version": "1.12.0", "profile_name": "anp_fuel", "target_name": "dev", "node_id": "model.anp_fuel.dim_posto"} */
alter table "anp_fuel"."public"."dim_posto__dbt_tmp" rename to "dim_posto"
[0m18:23:24.208894 [debug] [Thread-2 (]: SQL status: ALTER TABLE in 0.001 seconds
[0m18:23:24.210288 [debug] [Thread-2 (]: On model.anp_fuel.dim_posto: COMMIT
[0m18:23:24.210662 [debug] [Thread-2 (]: Using postgres connection "model.anp_fuel.dim_posto"
[0m18:23:24.211052 [debug] [Thread-2 (]: On model.anp_fuel.dim_posto: COMMIT
[0m18:23:24.214217 [debug] [Thread-2 (]: SQL status: COMMIT in 0.003 seconds
[0m18:23:24.216112 [debug] [Thread-2 (]: Applying DROP to: "anp_fuel"."public"."dim_posto__dbt_backup"
[0m18:23:24.216920 [debug] [Thread-2 (]: Using postgres connection "model.anp_fuel.dim_posto"
[0m18:23:24.217226 [debug] [Thread-2 (]: On model.anp_fuel.dim_posto: /* {"app": "dbt", "dbt_version": "1.12.0", "profile_name": "anp_fuel", "target_name": "dev", "node_id": "model.anp_fuel.dim_posto"} */
drop table if exists "anp_fuel"."public"."dim_posto__dbt_backup" cascade
[0m18:23:24.219652 [debug] [Thread-2 (]: SQL status: DROP TABLE in 0.002 seconds
[0m18:23:24.220883 [debug] [Thread-2 (]: On model.anp_fuel.dim_posto: Close
[0m18:23:24.221558 [debug] [Thread-2 (]: Sending event: {'category': 'dbt', 'action': 'run_model', 'label': '26b583ca-9d87-49e5-9a88-8fb131cb9ab4', 'context': [<snowplow_tracker.self_describing_json.SelfDescribingJson object at 0x00000132C360EED0>]}
[0m18:23:24.222465 [info ] [Thread-2 (]: 2 of 9 OK created sql table model public.dim_posto ............................. [[32mSELECT 16908[0m in 1.36s]
[0m18:23:24.223210 [debug] [Thread-2 (]: Finished running node model.anp_fuel.dim_posto
[0m18:23:24.223573 [debug] [Thread-2 (]: Began running node model.anp_fuel.gold_ranking_bandeiras
[0m18:23:24.224053 [info ] [Thread-2 (]: 8 of 9 START sql table model public.gold_ranking_bandeiras ..................... [RUN]
[0m18:23:24.224786 [debug] [Thread-2 (]: Re-using an available connection from the pool (formerly model.anp_fuel.dim_posto, now model.anp_fuel.gold_ranking_bandeiras)
[0m18:23:24.225171 [debug] [Thread-2 (]: Began compiling node model.anp_fuel.gold_ranking_bandeiras
[0m18:23:24.227580 [debug] [Thread-2 (]: Writing injected SQL for node "model.anp_fuel.gold_ranking_bandeiras"
[0m18:23:24.228459 [debug] [Thread-2 (]: Began executing node model.anp_fuel.gold_ranking_bandeiras
[0m18:23:24.231184 [debug] [Thread-2 (]: Writing runtime sql for node "model.anp_fuel.gold_ranking_bandeiras"
[0m18:23:24.231934 [debug] [Thread-2 (]: Using postgres connection "model.anp_fuel.gold_ranking_bandeiras"
[0m18:23:24.232274 [debug] [Thread-2 (]: On model.anp_fuel.gold_ranking_bandeiras: /* {"app": "dbt", "dbt_version": "1.12.0", "profile_name": "anp_fuel", "target_name": "dev", "node_id": "model.anp_fuel.gold_ranking_bandeiras"} */

  
    

  create  table "anp_fuel"."public"."gold_ranking_bandeiras__dbt_tmp"
  
  
    as
  
  (
    -- Participação de cada bandeira no total de coletas, por UF.
-- Exercita: window functions (participação percentual e ranking).

SELECT
    uf,
    bandeira,
    COUNT(*)                                          AS qtd_coletas,
    COUNT(DISTINCT cnpj)                              AS qtd_postos,
    ROUND(
        100.0 * COUNT(*) / SUM(COUNT(*)) OVER (PARTITION BY uf),
        2
    )                                                 AS participacao_pct,
    RANK() OVER (PARTITION BY uf ORDER BY COUNT(*) DESC) AS posicao
FROM "anp_fuel"."public"."stg_precos"
GROUP BY uf, bandeira
  );
  
[0m18:23:24.232567 [debug] [Thread-2 (]: Opening a new connection, currently in state closed
[0m18:23:25.273622 [debug] [Thread-3 (]: SQL status: SELECT 6403 in 1.074 seconds
[0m18:23:25.275918 [debug] [Thread-3 (]: Using postgres connection "model.anp_fuel.gold_preco_mensal_uf"
[0m18:23:25.276244 [debug] [Thread-3 (]: On model.anp_fuel.gold_preco_mensal_uf: /* {"app": "dbt", "dbt_version": "1.12.0", "profile_name": "anp_fuel", "target_name": "dev", "node_id": "model.anp_fuel.gold_preco_mensal_uf"} */
alter table "anp_fuel"."public"."gold_preco_mensal_uf" rename to "gold_preco_mensal_uf__dbt_backup"
[0m18:23:25.277074 [debug] [Thread-3 (]: SQL status: ALTER TABLE in 0.001 seconds
[0m18:23:25.278753 [debug] [Thread-3 (]: Using postgres connection "model.anp_fuel.gold_preco_mensal_uf"
[0m18:23:25.279042 [debug] [Thread-3 (]: On model.anp_fuel.gold_preco_mensal_uf: /* {"app": "dbt", "dbt_version": "1.12.0", "profile_name": "anp_fuel", "target_name": "dev", "node_id": "model.anp_fuel.gold_preco_mensal_uf"} */
alter table "anp_fuel"."public"."gold_preco_mensal_uf__dbt_tmp" rename to "gold_preco_mensal_uf"
[0m18:23:25.279673 [debug] [Thread-3 (]: SQL status: ALTER TABLE in 0.000 seconds
[0m18:23:25.281421 [debug] [Thread-3 (]: On model.anp_fuel.gold_preco_mensal_uf: COMMIT
[0m18:23:25.281725 [debug] [Thread-3 (]: Using postgres connection "model.anp_fuel.gold_preco_mensal_uf"
[0m18:23:25.281994 [debug] [Thread-3 (]: On model.anp_fuel.gold_preco_mensal_uf: COMMIT
[0m18:23:25.287893 [debug] [Thread-3 (]: SQL status: COMMIT in 0.006 seconds
[0m18:23:25.289220 [debug] [Thread-3 (]: Applying DROP to: "anp_fuel"."public"."gold_preco_mensal_uf__dbt_backup"
[0m18:23:25.289837 [debug] [Thread-3 (]: Using postgres connection "model.anp_fuel.gold_preco_mensal_uf"
[0m18:23:25.290115 [debug] [Thread-3 (]: On model.anp_fuel.gold_preco_mensal_uf: /* {"app": "dbt", "dbt_version": "1.12.0", "profile_name": "anp_fuel", "target_name": "dev", "node_id": "model.anp_fuel.gold_preco_mensal_uf"} */
drop table if exists "anp_fuel"."public"."gold_preco_mensal_uf__dbt_backup" cascade
[0m18:23:25.312370 [debug] [Thread-3 (]: SQL status: DROP TABLE in 0.022 seconds
[0m18:23:25.313632 [debug] [Thread-3 (]: On model.anp_fuel.gold_preco_mensal_uf: Close
[0m18:23:25.314233 [debug] [Thread-3 (]: Sending event: {'category': 'dbt', 'action': 'run_model', 'label': '26b583ca-9d87-49e5-9a88-8fb131cb9ab4', 'context': [<snowplow_tracker.self_describing_json.SelfDescribingJson object at 0x00000132C375F650>]}
[0m18:23:25.314796 [info ] [Thread-3 (]: 7 of 9 OK created sql table model public.gold_preco_mensal_uf .................. [[32mSELECT 6403[0m in 1.12s]
[0m18:23:25.315415 [debug] [Thread-3 (]: Finished running node model.anp_fuel.gold_preco_mensal_uf
[0m18:23:25.315760 [debug] [Thread-3 (]: Began running node model.anp_fuel.gold_variacao_mensal
[0m18:23:25.316265 [info ] [Thread-3 (]: 9 of 9 START sql table model public.gold_variacao_mensal ....................... [RUN]
[0m18:23:25.316720 [debug] [Thread-3 (]: Re-using an available connection from the pool (formerly model.anp_fuel.gold_preco_mensal_uf, now model.anp_fuel.gold_variacao_mensal)
[0m18:23:25.317195 [debug] [Thread-3 (]: Began compiling node model.anp_fuel.gold_variacao_mensal
[0m18:23:25.319271 [debug] [Thread-3 (]: Writing injected SQL for node "model.anp_fuel.gold_variacao_mensal"
[0m18:23:25.320003 [debug] [Thread-3 (]: Began executing node model.anp_fuel.gold_variacao_mensal
[0m18:23:25.322341 [debug] [Thread-3 (]: Writing runtime sql for node "model.anp_fuel.gold_variacao_mensal"
[0m18:23:25.323028 [debug] [Thread-3 (]: Using postgres connection "model.anp_fuel.gold_variacao_mensal"
[0m18:23:25.323362 [debug] [Thread-3 (]: On model.anp_fuel.gold_variacao_mensal: /* {"app": "dbt", "dbt_version": "1.12.0", "profile_name": "anp_fuel", "target_name": "dev", "node_id": "model.anp_fuel.gold_variacao_mensal"} */

  
    

  create  table "anp_fuel"."public"."gold_variacao_mensal__dbt_tmp"
  
  
    as
  
  (
    -- Variação percentual do preço médio mês a mês, por UF e produto.
-- Exercita: LAG (comparação com o período anterior).

WITH mensal AS (
    SELECT
        uf,
        produto,
        mes_coleta,
        AVG(valor_venda) AS preco_medio
    FROM "anp_fuel"."public"."stg_precos"
    GROUP BY uf, produto, mes_coleta
)

SELECT
    uf,
    produto,
    mes_coleta,
    ROUND(preco_medio, 3) AS preco_medio,
    ROUND(
        100.0 * (preco_medio - LAG(preco_medio) OVER w) / LAG(preco_medio) OVER w,
        2
    ) AS variacao_pct
FROM mensal
WINDOW w AS (PARTITION BY uf, produto ORDER BY mes_coleta)
  );
  
[0m18:23:25.323658 [debug] [Thread-3 (]: Opening a new connection, currently in state closed
[0m18:23:26.110864 [debug] [Thread-3 (]: SQL status: SELECT 6403 in 0.787 seconds
[0m18:23:26.113144 [debug] [Thread-3 (]: Using postgres connection "model.anp_fuel.gold_variacao_mensal"
[0m18:23:26.113476 [debug] [Thread-3 (]: On model.anp_fuel.gold_variacao_mensal: /* {"app": "dbt", "dbt_version": "1.12.0", "profile_name": "anp_fuel", "target_name": "dev", "node_id": "model.anp_fuel.gold_variacao_mensal"} */
alter table "anp_fuel"."public"."gold_variacao_mensal" rename to "gold_variacao_mensal__dbt_backup"
[0m18:23:26.114344 [debug] [Thread-3 (]: SQL status: ALTER TABLE in 0.000 seconds
[0m18:23:26.116559 [debug] [Thread-3 (]: Using postgres connection "model.anp_fuel.gold_variacao_mensal"
[0m18:23:26.116862 [debug] [Thread-3 (]: On model.anp_fuel.gold_variacao_mensal: /* {"app": "dbt", "dbt_version": "1.12.0", "profile_name": "anp_fuel", "target_name": "dev", "node_id": "model.anp_fuel.gold_variacao_mensal"} */
alter table "anp_fuel"."public"."gold_variacao_mensal__dbt_tmp" rename to "gold_variacao_mensal"
[0m18:23:26.117563 [debug] [Thread-3 (]: SQL status: ALTER TABLE in 0.000 seconds
[0m18:23:26.118955 [debug] [Thread-3 (]: On model.anp_fuel.gold_variacao_mensal: COMMIT
[0m18:23:26.119276 [debug] [Thread-3 (]: Using postgres connection "model.anp_fuel.gold_variacao_mensal"
[0m18:23:26.119565 [debug] [Thread-3 (]: On model.anp_fuel.gold_variacao_mensal: COMMIT
[0m18:23:26.121817 [debug] [Thread-3 (]: SQL status: COMMIT in 0.002 seconds
[0m18:23:26.123592 [debug] [Thread-3 (]: Applying DROP to: "anp_fuel"."public"."gold_variacao_mensal__dbt_backup"
[0m18:23:26.124207 [debug] [Thread-3 (]: Using postgres connection "model.anp_fuel.gold_variacao_mensal"
[0m18:23:26.124496 [debug] [Thread-3 (]: On model.anp_fuel.gold_variacao_mensal: /* {"app": "dbt", "dbt_version": "1.12.0", "profile_name": "anp_fuel", "target_name": "dev", "node_id": "model.anp_fuel.gold_variacao_mensal"} */
drop table if exists "anp_fuel"."public"."gold_variacao_mensal__dbt_backup" cascade
[0m18:23:26.146522 [debug] [Thread-3 (]: SQL status: DROP TABLE in 0.022 seconds
[0m18:23:26.147777 [debug] [Thread-3 (]: On model.anp_fuel.gold_variacao_mensal: Close
[0m18:23:26.148404 [debug] [Thread-3 (]: Sending event: {'category': 'dbt', 'action': 'run_model', 'label': '26b583ca-9d87-49e5-9a88-8fb131cb9ab4', 'context': [<snowplow_tracker.self_describing_json.SelfDescribingJson object at 0x00000132C300A2D0>]}
[0m18:23:26.148958 [info ] [Thread-3 (]: 9 of 9 OK created sql table model public.gold_variacao_mensal .................. [[32mSELECT 6403[0m in 0.83s]
[0m18:23:26.149608 [debug] [Thread-3 (]: Finished running node model.anp_fuel.gold_variacao_mensal
[0m18:23:26.519603 [debug] [Thread-4 (]: SQL status: SELECT 929 in 3.608 seconds
[0m18:23:26.521707 [debug] [Thread-4 (]: Using postgres connection "model.anp_fuel.dim_tempo"
[0m18:23:26.522017 [debug] [Thread-4 (]: On model.anp_fuel.dim_tempo: /* {"app": "dbt", "dbt_version": "1.12.0", "profile_name": "anp_fuel", "target_name": "dev", "node_id": "model.anp_fuel.dim_tempo"} */
alter table "anp_fuel"."public"."dim_tempo__dbt_tmp" rename to "dim_tempo"
[0m18:23:26.522830 [debug] [Thread-4 (]: SQL status: ALTER TABLE in 0.001 seconds
[0m18:23:26.523958 [debug] [Thread-4 (]: On model.anp_fuel.dim_tempo: COMMIT
[0m18:23:26.524231 [debug] [Thread-4 (]: Using postgres connection "model.anp_fuel.dim_tempo"
[0m18:23:26.524472 [debug] [Thread-4 (]: On model.anp_fuel.dim_tempo: COMMIT
[0m18:23:26.526265 [debug] [Thread-4 (]: SQL status: COMMIT in 0.001 seconds
[0m18:23:26.527784 [debug] [Thread-4 (]: Applying DROP to: "anp_fuel"."public"."dim_tempo__dbt_backup"
[0m18:23:26.528353 [debug] [Thread-4 (]: Using postgres connection "model.anp_fuel.dim_tempo"
[0m18:23:26.528605 [debug] [Thread-4 (]: On model.anp_fuel.dim_tempo: /* {"app": "dbt", "dbt_version": "1.12.0", "profile_name": "anp_fuel", "target_name": "dev", "node_id": "model.anp_fuel.dim_tempo"} */
drop table if exists "anp_fuel"."public"."dim_tempo__dbt_backup" cascade
[0m18:23:26.529831 [debug] [Thread-4 (]: SQL status: DROP TABLE in 0.001 seconds
[0m18:23:26.530696 [debug] [Thread-4 (]: On model.anp_fuel.dim_tempo: Close
[0m18:23:26.531207 [debug] [Thread-4 (]: Sending event: {'category': 'dbt', 'action': 'run_model', 'label': '26b583ca-9d87-49e5-9a88-8fb131cb9ab4', 'context': [<snowplow_tracker.self_describing_json.SelfDescribingJson object at 0x00000132C360E810>]}
[0m18:23:26.531791 [info ] [Thread-4 (]: 4 of 9 OK created sql table model public.dim_tempo ............................. [[32mSELECT 929[0m in 3.67s]
[0m18:23:26.532509 [debug] [Thread-4 (]: Finished running node model.anp_fuel.dim_tempo
[0m18:23:35.079653 [debug] [Thread-2 (]: SQL status: SELECT 324 in 10.847 seconds
[0m18:23:35.082049 [debug] [Thread-2 (]: Using postgres connection "model.anp_fuel.gold_ranking_bandeiras"
[0m18:23:35.082398 [debug] [Thread-2 (]: On model.anp_fuel.gold_ranking_bandeiras: /* {"app": "dbt", "dbt_version": "1.12.0", "profile_name": "anp_fuel", "target_name": "dev", "node_id": "model.anp_fuel.gold_ranking_bandeiras"} */
alter table "anp_fuel"."public"."gold_ranking_bandeiras" rename to "gold_ranking_bandeiras__dbt_backup"
[0m18:23:35.083188 [debug] [Thread-2 (]: SQL status: ALTER TABLE in 0.000 seconds
[0m18:23:35.084741 [debug] [Thread-2 (]: Using postgres connection "model.anp_fuel.gold_ranking_bandeiras"
[0m18:23:35.085026 [debug] [Thread-2 (]: On model.anp_fuel.gold_ranking_bandeiras: /* {"app": "dbt", "dbt_version": "1.12.0", "profile_name": "anp_fuel", "target_name": "dev", "node_id": "model.anp_fuel.gold_ranking_bandeiras"} */
alter table "anp_fuel"."public"."gold_ranking_bandeiras__dbt_tmp" rename to "gold_ranking_bandeiras"
[0m18:23:35.085671 [debug] [Thread-2 (]: SQL status: ALTER TABLE in 0.000 seconds
[0m18:23:35.086852 [debug] [Thread-2 (]: On model.anp_fuel.gold_ranking_bandeiras: COMMIT
[0m18:23:35.087123 [debug] [Thread-2 (]: Using postgres connection "model.anp_fuel.gold_ranking_bandeiras"
[0m18:23:35.087378 [debug] [Thread-2 (]: On model.anp_fuel.gold_ranking_bandeiras: COMMIT
[0m18:23:35.089584 [debug] [Thread-2 (]: SQL status: COMMIT in 0.002 seconds
[0m18:23:35.090683 [debug] [Thread-2 (]: Applying DROP to: "anp_fuel"."public"."gold_ranking_bandeiras__dbt_backup"
[0m18:23:35.091218 [debug] [Thread-2 (]: Using postgres connection "model.anp_fuel.gold_ranking_bandeiras"
[0m18:23:35.091461 [debug] [Thread-2 (]: On model.anp_fuel.gold_ranking_bandeiras: /* {"app": "dbt", "dbt_version": "1.12.0", "profile_name": "anp_fuel", "target_name": "dev", "node_id": "model.anp_fuel.gold_ranking_bandeiras"} */
drop table if exists "anp_fuel"."public"."gold_ranking_bandeiras__dbt_backup" cascade
[0m18:23:35.097668 [debug] [Thread-2 (]: SQL status: DROP TABLE in 0.006 seconds
[0m18:23:35.098961 [debug] [Thread-2 (]: On model.anp_fuel.gold_ranking_bandeiras: Close
[0m18:23:35.099711 [debug] [Thread-2 (]: Sending event: {'category': 'dbt', 'action': 'run_model', 'label': '26b583ca-9d87-49e5-9a88-8fb131cb9ab4', 'context': [<snowplow_tracker.self_describing_json.SelfDescribingJson object at 0x00000132C360C650>]}
[0m18:23:35.100328 [info ] [Thread-2 (]: 8 of 9 OK created sql table model public.gold_ranking_bandeiras ................ [[32mSELECT 324[0m in 10.87s]
[0m18:23:35.101006 [debug] [Thread-2 (]: Finished running node model.anp_fuel.gold_ranking_bandeiras
[0m18:23:39.359112 [debug] [Thread-1 (]: SQL status: SELECT 2979683 in 16.449 seconds
[0m18:23:39.361218 [debug] [Thread-1 (]: Using postgres connection "model.anp_fuel.fato_coleta"
[0m18:23:39.361517 [debug] [Thread-1 (]: On model.anp_fuel.fato_coleta: /* {"app": "dbt", "dbt_version": "1.12.0", "profile_name": "anp_fuel", "target_name": "dev", "node_id": "model.anp_fuel.fato_coleta"} */
alter table "anp_fuel"."public"."fato_coleta__dbt_tmp" rename to "fato_coleta"
[0m18:23:39.362416 [debug] [Thread-1 (]: SQL status: ALTER TABLE in 0.001 seconds
[0m18:23:39.364509 [debug] [Thread-1 (]: On model.anp_fuel.fato_coleta: COMMIT
[0m18:23:39.364780 [debug] [Thread-1 (]: Using postgres connection "model.anp_fuel.fato_coleta"
[0m18:23:39.365023 [debug] [Thread-1 (]: On model.anp_fuel.fato_coleta: COMMIT
[0m18:23:39.365769 [debug] [Thread-1 (]: SQL status: COMMIT in 0.001 seconds
[0m18:23:39.366901 [debug] [Thread-1 (]: Applying DROP to: "anp_fuel"."public"."fato_coleta__dbt_backup"
[0m18:23:39.367457 [debug] [Thread-1 (]: Using postgres connection "model.anp_fuel.fato_coleta"
[0m18:23:39.367708 [debug] [Thread-1 (]: On model.anp_fuel.fato_coleta: /* {"app": "dbt", "dbt_version": "1.12.0", "profile_name": "anp_fuel", "target_name": "dev", "node_id": "model.anp_fuel.fato_coleta"} */
drop table if exists "anp_fuel"."public"."fato_coleta__dbt_backup" cascade
[0m18:23:39.369057 [debug] [Thread-1 (]: SQL status: DROP TABLE in 0.001 seconds
[0m18:23:39.369936 [debug] [Thread-1 (]: On model.anp_fuel.fato_coleta: Close
[0m18:23:39.370402 [debug] [Thread-1 (]: Sending event: {'category': 'dbt', 'action': 'run_model', 'label': '26b583ca-9d87-49e5-9a88-8fb131cb9ab4', 'context': [<snowplow_tracker.self_describing_json.SelfDescribingJson object at 0x00000132C375F770>]}
[0m18:23:39.370993 [info ] [Thread-1 (]: 5 of 9 OK created sql table model public.fato_coleta ........................... [[32mSELECT 2979683[0m in 16.50s]
[0m18:23:39.372230 [debug] [Thread-1 (]: Finished running node model.anp_fuel.fato_coleta
[0m18:23:39.374064 [debug] [MainThread]: On master: COMMIT
[0m18:23:39.374339 [debug] [MainThread]: Using postgres connection "master"
[0m18:23:39.374571 [debug] [MainThread]: On master: COMMIT
[0m18:23:39.374759 [debug] [MainThread]: Opening a new connection, currently in state closed
[0m18:23:39.417364 [debug] [MainThread]: SQL status: COMMIT in 0.043 seconds
[0m18:23:39.417784 [debug] [MainThread]: On master: Close
[0m18:23:39.418255 [debug] [MainThread]: Connection 'master' was properly closed.
[0m18:23:39.418499 [debug] [MainThread]: Connection 'list_anp_fuel' was properly closed.
[0m18:23:39.418728 [debug] [MainThread]: Connection 'list_anp_fuel_public' was properly closed.
[0m18:23:39.418913 [debug] [MainThread]: Connection 'model.anp_fuel.fato_coleta' was properly closed.
[0m18:23:39.419090 [debug] [MainThread]: Connection 'model.anp_fuel.gold_ranking_bandeiras' was properly closed.
[0m18:23:39.419266 [debug] [MainThread]: Connection 'model.anp_fuel.dim_tempo' was properly closed.
[0m18:23:39.419443 [debug] [MainThread]: Connection 'model.anp_fuel.gold_variacao_mensal' was properly closed.
[0m18:23:39.419770 [info ] [MainThread]: 
[0m18:23:39.420244 [info ] [MainThread]: Finished running 8 table models, 1 view model in 0 hours 0 minutes and 16.93 seconds (16.93s).
[0m18:23:39.421917 [debug] [MainThread]: Command end result
[0m18:23:39.456582 [debug] [MainThread]: Wrote artifact WritableManifest to D:\ESTUDOS\projetos\anp-fuel\dbt\target\manifest.json
[0m18:23:39.460221 [debug] [MainThread]: Wrote artifact SemanticManifest to D:\ESTUDOS\projetos\anp-fuel\dbt\target\semantic_manifest.json
[0m18:23:39.462989 [debug] [MainThread]: Wrote artifact OsiDocument to D:\ESTUDOS\projetos\anp-fuel\dbt\target\osi_document.json
[0m18:23:39.471617 [debug] [MainThread]: Wrote artifact RunExecutionResult to D:\ESTUDOS\projetos\anp-fuel\dbt\target\run_results.json
[0m18:23:39.472078 [info ] [MainThread]: 
[0m18:23:39.472821 [info ] [MainThread]: [31mCompleted with 1 error, 0 partial successes, and 0 warnings:[0m
[0m18:23:39.473358 [info ] [MainThread]: 
[0m18:23:39.473925 [error] [MainThread]: [[31mERROR[0m]: in model dim_produto (models\marts\dim_produto.sql)
[0m18:23:39.474517 [error] [MainThread]:   Database Error in model dim_produto (models\marts\dim_produto.sql)
  ERRO:  coluna "unidade_medida" não existe
  LINE 17:     unidade_medida
               ^
  compiled code at target\run\anp_fuel\models\marts\dim_produto.sql
[0m18:23:39.475052 [info ] [MainThread]: 
[0m18:23:39.475519 [info ] [MainThread]:   compiled code at target\compiled\anp_fuel\models\marts\dim_produto.sql
[0m18:23:39.475907 [info ] [MainThread]: 
[0m18:23:39.476262 [info ] [MainThread]: Done. PASS=8 WARN=0 ERROR=1 SKIP=0 NO-OP=0 REUSED=0 TOTAL=9
[0m18:23:39.476807 [warn ] [MainThread]: [[33mWARNING[0m][DeprecationsSummary]: Deprecated functionality
Summary of encountered deprecations:
- MissingArgumentsPropertyInGenericTestDeprecation: 5 occurrences
To see all deprecation instances instead of just the first occurrence of each,
run command again with the `--show-all-deprecations` flag. You may also need to
run with `--no-partial-parse` as some deprecations are only encountered during
parsing.
[0m18:23:39.478089 [debug] [MainThread]: Command `dbt run` failed at 18:23:39.477960 after 19.48 seconds
[0m18:23:39.478536 [debug] [MainThread]: Sending event: {'category': 'dbt', 'action': 'invocation', 'label': 'end', 'context': [<snowplow_tracker.self_describing_json.SelfDescribingJson object at 0x00000132C2666BD0>, <snowplow_tracker.self_describing_json.SelfDescribingJson object at 0x00000132C30881D0>, <snowplow_tracker.self_describing_json.SelfDescribingJson object at 0x00000132C319BF50>]}
[0m18:23:39.478894 [debug] [MainThread]: Flushing usage events
[0m18:23:40.438545 [debug] [MainThread]: An error was encountered while trying to flush usage events
[0m19:20:00.519647 [debug] [MainThread]: Sending event: {'category': 'dbt', 'action': 'invocation', 'label': 'start', 'context': [<snowplow_tracker.self_describing_json.SelfDescribingJson object at 0x000002172CEE4830>, <snowplow_tracker.self_describing_json.SelfDescribingJson object at 0x000002172A7591D0>, <snowplow_tracker.self_describing_json.SelfDescribingJson object at 0x000002172F77B9D0>]}


============================== 19:20:00.525427 | 9731eae8-45ad-463a-9cbc-345425684fef ==============================
[0m19:20:00.525427 [info ] [MainThread]: Running with dbt=1.12.0
[0m19:20:00.526009 [debug] [MainThread]: running dbt with arguments {'maximum_seed_size_mib': '1', 'no_print': 'None', 'static_parser': 'True', 'target_path': 'None', 'warn_error_options': 'WarnErrorOptionsV2(error=[], warn=[], silence=[])', 'version_check': 'True', 'printer_width': '80', 'write_json': 'True', 'introspect': 'True', 'log_cache_events': 'False', 'empty': 'False', 'cache_selected_only': 'False', 'fail_fast': 'False', 'debug': 'False', 'log_format': 'default', 'partial_parse': 'True', 'send_anonymous_usage_stats': 'True', 'quiet': 'False', 'warn_error': 'None', 'profiles_dir': 'C:\\Users\\arauj\\.dbt', 'indirect_selection': 'eager', 'hints_enabled': 'True', 'use_colors': 'True', 'use_experimental_parser': 'False', 'invocation_command': 'dbt run --select stg_precos+', 'log_path': 'D:\\ESTUDOS\\projetos\\anp-fuel\\dbt\\logs'}
[0m19:20:00.678713 [debug] [MainThread]: Sending event: {'category': 'dbt', 'action': 'project_id', 'label': '9731eae8-45ad-463a-9cbc-345425684fef', 'context': [<snowplow_tracker.self_describing_json.SelfDescribingJson object at 0x000002172F6FEC40>]}
[0m19:20:00.728321 [debug] [MainThread]: Sending event: {'category': 'dbt', 'action': 'adapter_info', 'label': '9731eae8-45ad-463a-9cbc-345425684fef', 'context': [<snowplow_tracker.self_describing_json.SelfDescribingJson object at 0x000002172F81BDF0>]}
[0m19:20:00.729577 [info ] [MainThread]: Registered adapter: postgres=1.11.0
[0m19:20:00.891555 [debug] [MainThread]: checksum: a2adc26f75378a8eb99e8d8f91a2a8f9ec58712ce43e4c142f0908dcdb265eb1, vars: {}, profile: anp_fuel, target: dev, version: 1.12.0
[0m19:20:01.041286 [debug] [MainThread]: Partial parsing enabled: 0 files deleted, 0 files added, 1 files changed.
[0m19:20:01.041858 [debug] [MainThread]: Partial parsing: updated file: anp_fuel://models\staging\stg_precos.sql
[0m19:20:01.422641 [warn ] [MainThread]: [[33mWARNING[0m][MissingArgumentsPropertyInGenericTestDeprecation]: Deprecated
functionality
Found top-level arguments to test `accepted_values` defined on 'stg_precos' in
package 'anp_fuel' (models\staging\schema.yml). Arguments to generic tests
should be nested under the `arguments` property.
[0m19:20:01.423328 [debug] [MainThread]: Sending event: {'category': 'dbt', 'action': 'deprecation', 'label': '9731eae8-45ad-463a-9cbc-345425684fef', 'property_': 'warn', 'context': [<snowplow_tracker.self_describing_json.SelfDescribingJson object at 0x000002172FD6AB50>]}
[0m19:20:01.487373 [debug] [MainThread]: Sending event: {'category': 'dbt', 'action': 'load_project', 'label': '9731eae8-45ad-463a-9cbc-345425684fef', 'context': [<snowplow_tracker.self_describing_json.SelfDescribingJson object at 0x00000217302A7B60>]}
[0m19:20:01.579951 [debug] [MainThread]: Wrote artifact WritableManifest to D:\ESTUDOS\projetos\anp-fuel\dbt\target\manifest.json
[0m19:20:01.582504 [debug] [MainThread]: Wrote artifact SemanticManifest to D:\ESTUDOS\projetos\anp-fuel\dbt\target\semantic_manifest.json
[0m19:20:01.607637 [debug] [MainThread]: Wrote artifact OsiDocument to D:\ESTUDOS\projetos\anp-fuel\dbt\target\osi_document.json
[0m19:20:01.621047 [debug] [MainThread]: Sending event: {'category': 'dbt', 'action': 'resource_counts', 'label': '9731eae8-45ad-463a-9cbc-345425684fef', 'context': [<snowplow_tracker.self_describing_json.SelfDescribingJson object at 0x0000021730420830>]}
[0m19:20:01.621483 [info ] [MainThread]: Found 9 models, 18 data tests, 1 source, 593 macros
[0m19:20:01.621900 [debug] [MainThread]: Sending event: {'category': 'dbt', 'action': 'runnable_timing', 'label': '9731eae8-45ad-463a-9cbc-345425684fef', 'context': [<snowplow_tracker.self_describing_json.SelfDescribingJson object at 0x0000021730168EF0>]}
[0m19:20:01.623689 [info ] [MainThread]: 
[0m19:20:01.624049 [info ] [MainThread]: Concurrency: 4 threads (target='dev')
[0m19:20:01.624345 [info ] [MainThread]: 
[0m19:20:01.624811 [debug] [MainThread]: Acquiring new postgres connection 'master'
[0m19:20:01.628130 [debug] [ThreadPool]: Acquiring new postgres connection 'list_anp_fuel'
[0m19:20:01.673941 [debug] [ThreadPool]: Using postgres connection "list_anp_fuel"
[0m19:20:01.674330 [debug] [ThreadPool]: On list_anp_fuel: /* {"app": "dbt", "dbt_version": "1.12.0", "profile_name": "anp_fuel", "target_name": "dev", "connection_name": "list_anp_fuel"} */

    select distinct nspname from pg_namespace
  
[0m19:20:01.674574 [debug] [ThreadPool]: Opening a new connection, currently in state init
[0m19:20:01.826065 [debug] [ThreadPool]: SQL status: SELECT 4 in 0.151 seconds
[0m19:20:01.827112 [debug] [ThreadPool]: On list_anp_fuel: Close
[0m19:20:01.828992 [debug] [ThreadPool]: Acquiring new postgres connection 'list_anp_fuel_public'
[0m19:20:01.834030 [debug] [ThreadPool]: Using postgres connection "list_anp_fuel_public"
[0m19:20:01.834368 [debug] [ThreadPool]: On list_anp_fuel_public: /* {"app": "dbt", "dbt_version": "1.12.0", "profile_name": "anp_fuel", "target_name": "dev", "connection_name": "list_anp_fuel_public"} */
select
      'anp_fuel' as database,
      tablename as name,
      schemaname as schema,
      'table' as type
    from pg_tables
    where schemaname ilike 'public'
    union all
    select
      'anp_fuel' as database,
      viewname as name,
      schemaname as schema,
      'view' as type
    from pg_views
    where schemaname ilike 'public'
    union all
    select
      'anp_fuel' as database,
      matviewname as name,
      schemaname as schema,
      'materialized_view' as type
    from pg_matviews
    where schemaname ilike 'public'
    union all
    select distinct
     'anp_fuel' as database,
     proname as name,
     ns.nspname as schema,
     'function' as type
    from pg_proc
     join pg_namespace as ns on pronamespace = ns.oid
    where ns.nspname ilike 'public'
  
[0m19:20:01.834625 [debug] [ThreadPool]: Opening a new connection, currently in state init
[0m19:20:01.882438 [debug] [ThreadPool]: SQL status: SELECT 9 in 0.048 seconds
[0m19:20:01.883611 [debug] [ThreadPool]: On list_anp_fuel_public: ROLLBACK
[0m19:20:01.884040 [debug] [ThreadPool]: On list_anp_fuel_public: Close
[0m19:20:01.888527 [debug] [MainThread]: Using postgres connection "master"
[0m19:20:01.888889 [debug] [MainThread]: On master: /* {"app": "dbt", "dbt_version": "1.12.0", "profile_name": "anp_fuel", "target_name": "dev", "connection_name": "master"} */
select distinct
        dependent_namespace.nspname as dependent_schema,
        dependent_class.relname as dependent_name,
        referenced_namespace.nspname as referenced_schema,
        referenced_class.relname as referenced_name

    -- Query for views: views are entries in pg_class with an entry in pg_rewrite, but we avoid
    -- a seq scan on pg_rewrite by leveraging the fact there is an "internal" row in pg_depend for
    -- the view...
    from pg_class as dependent_class
    join pg_namespace as dependent_namespace on dependent_namespace.oid = dependent_class.relnamespace
    join pg_depend as dependent_depend on dependent_depend.refobjid = dependent_class.oid
        and dependent_depend.classid = 'pg_rewrite'::regclass
        and dependent_depend.refclassid = 'pg_class'::regclass
        and dependent_depend.deptype = 'i'

    -- ... and via pg_depend (that has a row per column, hence the need for "distinct" above, and
    -- making sure to exclude the internal row to avoid a view appearing to depend on itself)...
    join pg_depend as joining_depend on joining_depend.objid = dependent_depend.objid
        and joining_depend.classid = 'pg_rewrite'::regclass
        and joining_depend.refclassid = 'pg_class'::regclass
        and joining_depend.refobjid != dependent_depend.refobjid

    -- ... we can find the tables they query from in pg_class, but excluding system tables. Note we
    -- don't need need to exclude _dependent_ system tables, because they only query from other
    -- system tables, and so are automatically excluded by excluding _referenced_ system tables
    join pg_class as referenced_class on referenced_class.oid = joining_depend.refobjid
    join pg_namespace as referenced_namespace on referenced_namespace.oid = referenced_class.relnamespace
        and referenced_namespace.nspname != 'information_schema'
        and referenced_namespace.nspname not like 'pg\_%'

    order by
        dependent_schema, dependent_name, referenced_schema, referenced_name;
[0m19:20:01.889183 [debug] [MainThread]: Opening a new connection, currently in state init
[0m19:20:01.930630 [debug] [MainThread]: SQL status: SELECT 1 in 0.041 seconds
[0m19:20:01.931765 [debug] [MainThread]: Sending event: {'category': 'dbt', 'action': 'runnable_timing', 'label': '9731eae8-45ad-463a-9cbc-345425684fef', 'context': [<snowplow_tracker.self_describing_json.SelfDescribingJson object at 0x00000217303CB590>]}
[0m19:20:01.932118 [debug] [MainThread]: On master: ROLLBACK
[0m19:20:01.932475 [debug] [MainThread]: On master: COMMIT
[0m19:20:01.932703 [debug] [MainThread]: Using postgres connection "master"
[0m19:20:01.932901 [debug] [MainThread]: On master: COMMIT
[0m19:20:01.933252 [debug] [MainThread]: SQL status: COMMIT in 0.000 seconds
[0m19:20:01.933512 [debug] [MainThread]: On master: Close
[0m19:20:01.938191 [debug] [Thread-1 (]: Began running node model.anp_fuel.stg_precos
[0m19:20:01.938642 [info ] [Thread-1 (]: 1 of 9 START sql view model public.stg_precos .................................. [RUN]
[0m19:20:01.939335 [debug] [Thread-1 (]: Acquiring new postgres connection 'model.anp_fuel.stg_precos'
[0m19:20:01.939617 [debug] [Thread-1 (]: Began compiling node model.anp_fuel.stg_precos
[0m19:20:01.944501 [debug] [Thread-1 (]: Writing injected SQL for node "model.anp_fuel.stg_precos"
[0m19:20:01.945158 [debug] [Thread-1 (]: Began executing node model.anp_fuel.stg_precos
[0m19:20:01.972245 [debug] [Thread-1 (]: Writing runtime sql for node "model.anp_fuel.stg_precos"
[0m19:20:01.973176 [debug] [Thread-1 (]: Using postgres connection "model.anp_fuel.stg_precos"
[0m19:20:01.973555 [debug] [Thread-1 (]: On model.anp_fuel.stg_precos: /* {"app": "dbt", "dbt_version": "1.12.0", "profile_name": "anp_fuel", "target_name": "dev", "node_id": "model.anp_fuel.stg_precos"} */

  create view "anp_fuel"."public"."stg_precos__dbt_tmp"
    
    
  as (
    -- Staging: ponte padronizada entre a fonte e os modelos analíticos.
-- Regra: só renomes leves, casts e derivações simples. Nada de agregação.

SELECT
    id,
    revenda,
    cnpj,
    regiao,
    uf,
    cidade,
    bairro,
    produto,
    data_coleta,
    valor_venda,
    unidade_medida,
    bandeira,
    DATE_TRUNC('month', data_coleta)::date AS mes_coleta
FROM "anp_fuel"."public"."precos_combustiveis"
  );
[0m19:20:01.973811 [debug] [Thread-1 (]: Opening a new connection, currently in state init
[0m19:20:02.021663 [debug] [Thread-1 (]: SQL status: CREATE VIEW in 0.048 seconds
[0m19:20:02.026228 [debug] [Thread-1 (]: Using postgres connection "model.anp_fuel.stg_precos"
[0m19:20:02.026541 [debug] [Thread-1 (]: On model.anp_fuel.stg_precos: /* {"app": "dbt", "dbt_version": "1.12.0", "profile_name": "anp_fuel", "target_name": "dev", "node_id": "model.anp_fuel.stg_precos"} */
alter table "anp_fuel"."public"."stg_precos" rename to "stg_precos__dbt_backup"
[0m19:20:02.027102 [debug] [Thread-1 (]: SQL status: ALTER TABLE in 0.000 seconds
[0m19:20:02.028526 [debug] [Thread-1 (]: Using postgres connection "model.anp_fuel.stg_precos"
[0m19:20:02.028801 [debug] [Thread-1 (]: On model.anp_fuel.stg_precos: /* {"app": "dbt", "dbt_version": "1.12.0", "profile_name": "anp_fuel", "target_name": "dev", "node_id": "model.anp_fuel.stg_precos"} */
alter table "anp_fuel"."public"."stg_precos__dbt_tmp" rename to "stg_precos"
[0m19:20:02.029283 [debug] [Thread-1 (]: SQL status: ALTER TABLE in 0.000 seconds
[0m19:20:02.041950 [debug] [Thread-1 (]: On model.anp_fuel.stg_precos: COMMIT
[0m19:20:02.042244 [debug] [Thread-1 (]: Using postgres connection "model.anp_fuel.stg_precos"
[0m19:20:02.042491 [debug] [Thread-1 (]: On model.anp_fuel.stg_precos: COMMIT
[0m19:20:02.043843 [debug] [Thread-1 (]: SQL status: COMMIT in 0.001 seconds
[0m19:20:02.048003 [debug] [Thread-1 (]: Applying DROP to: "anp_fuel"."public"."stg_precos__dbt_backup"
[0m19:20:02.051387 [debug] [Thread-1 (]: Using postgres connection "model.anp_fuel.stg_precos"
[0m19:20:02.051684 [debug] [Thread-1 (]: On model.anp_fuel.stg_precos: /* {"app": "dbt", "dbt_version": "1.12.0", "profile_name": "anp_fuel", "target_name": "dev", "node_id": "model.anp_fuel.stg_precos"} */
drop view if exists "anp_fuel"."public"."stg_precos__dbt_backup" cascade
[0m19:20:02.053856 [debug] [Thread-1 (]: SQL status: DROP VIEW in 0.002 seconds
[0m19:20:02.055538 [debug] [Thread-1 (]: On model.anp_fuel.stg_precos: Close
[0m19:20:02.057851 [debug] [Thread-1 (]: Sending event: {'category': 'dbt', 'action': 'run_model', 'label': '9731eae8-45ad-463a-9cbc-345425684fef', 'context': [<snowplow_tracker.self_describing_json.SelfDescribingJson object at 0x000002172D379BD0>]}
[0m19:20:02.058747 [info ] [Thread-1 (]: 1 of 9 OK created sql view model public.stg_precos ............................. [[32mCREATE VIEW[0m in 0.12s]
[0m19:20:02.059648 [debug] [Thread-1 (]: Finished running node model.anp_fuel.stg_precos
[0m19:20:02.060601 [debug] [Thread-1 (]: Began running node model.anp_fuel.fato_coleta
[0m19:20:02.061595 [debug] [Thread-2 (]: Began running node model.anp_fuel.dim_posto
[0m19:20:02.063065 [debug] [Thread-4 (]: Began running node model.anp_fuel.dim_tempo
[0m19:20:02.061164 [info ] [Thread-1 (]: 5 of 9 START sql table model public.fato_coleta ................................ [RUN]
[0m19:20:02.064737 [debug] [Thread-1 (]: Re-using an available connection from the pool (formerly model.anp_fuel.stg_precos, now model.anp_fuel.fato_coleta)
[0m19:20:02.062043 [debug] [Thread-3 (]: Began running node model.anp_fuel.dim_produto
[0m19:20:02.063835 [info ] [Thread-4 (]: 4 of 9 START sql table model public.dim_tempo .................................. [RUN]
[0m19:20:02.062547 [info ] [Thread-2 (]: 2 of 9 START sql table model public.dim_posto .................................. [RUN]
[0m19:20:02.065638 [debug] [Thread-1 (]: Began compiling node model.anp_fuel.fato_coleta
[0m19:20:02.066128 [info ] [Thread-3 (]: 3 of 9 START sql table model public.dim_produto ................................ [RUN]
[0m19:20:02.066794 [debug] [Thread-4 (]: Acquiring new postgres connection 'model.anp_fuel.dim_tempo'
[0m19:20:02.067277 [debug] [Thread-2 (]: Acquiring new postgres connection 'model.anp_fuel.dim_posto'
[0m19:20:02.080781 [debug] [Thread-1 (]: Writing injected SQL for node "model.anp_fuel.fato_coleta"
[0m19:20:02.081553 [debug] [Thread-3 (]: Acquiring new postgres connection 'model.anp_fuel.dim_produto'
[0m19:20:02.082778 [debug] [Thread-3 (]: Began compiling node model.anp_fuel.dim_produto
[0m19:20:02.085178 [debug] [Thread-3 (]: Writing injected SQL for node "model.anp_fuel.dim_produto"
[0m19:20:02.082009 [debug] [Thread-4 (]: Began compiling node model.anp_fuel.dim_tempo
[0m19:20:02.082335 [debug] [Thread-2 (]: Began compiling node model.anp_fuel.dim_posto
[0m19:20:02.091452 [debug] [Thread-2 (]: Writing injected SQL for node "model.anp_fuel.dim_posto"
[0m19:20:02.088767 [debug] [Thread-1 (]: Began executing node model.anp_fuel.fato_coleta
[0m19:20:02.088336 [debug] [Thread-4 (]: Writing injected SQL for node "model.anp_fuel.dim_tempo"
[0m19:20:02.108200 [debug] [Thread-1 (]: Writing runtime sql for node "model.anp_fuel.fato_coleta"
[0m19:20:02.109024 [debug] [Thread-3 (]: Began executing node model.anp_fuel.dim_produto
[0m19:20:02.112635 [debug] [Thread-3 (]: Writing runtime sql for node "model.anp_fuel.dim_produto"
[0m19:20:02.113125 [debug] [Thread-2 (]: Began executing node model.anp_fuel.dim_posto
[0m19:20:02.115763 [debug] [Thread-2 (]: Writing runtime sql for node "model.anp_fuel.dim_posto"
[0m19:20:02.116252 [debug] [Thread-4 (]: Began executing node model.anp_fuel.dim_tempo
[0m19:20:02.118228 [debug] [Thread-4 (]: Writing runtime sql for node "model.anp_fuel.dim_tempo"
[0m19:20:02.118708 [debug] [Thread-1 (]: Using postgres connection "model.anp_fuel.fato_coleta"
[0m19:20:02.119474 [debug] [Thread-1 (]: On model.anp_fuel.fato_coleta: /* {"app": "dbt", "dbt_version": "1.12.0", "profile_name": "anp_fuel", "target_name": "dev", "node_id": "model.anp_fuel.fato_coleta"} */

  
    

  create  table "anp_fuel"."public"."fato_coleta__dbt_tmp"
  
  
    as
  
  (
    -- Fato: uma linha por coleta de preço (grão: posto × produto × data).

SELECT
    md5(cast(coalesce(cast(s.cnpj as TEXT), '_dbt_utils_surrogate_key_null_') as TEXT))        AS sk_posto,
    md5(cast(coalesce(cast(s.produto as TEXT), '_dbt_utils_surrogate_key_null_') as TEXT))     AS sk_produto,
    md5(cast(coalesce(cast(s.data_coleta as TEXT), '_dbt_utils_surrogate_key_null_') as TEXT)) AS sk_tempo,
    s.valor_venda
FROM "anp_fuel"."public"."stg_precos" s
  );
  
[0m19:20:02.119828 [debug] [Thread-1 (]: Opening a new connection, currently in state closed
[0m19:20:02.119067 [debug] [Thread-2 (]: Using postgres connection "model.anp_fuel.dim_posto"
[0m19:20:02.120352 [debug] [Thread-2 (]: On model.anp_fuel.dim_posto: /* {"app": "dbt", "dbt_version": "1.12.0", "profile_name": "anp_fuel", "target_name": "dev", "node_id": "model.anp_fuel.dim_posto"} */

  
    

  create  table "anp_fuel"."public"."dim_posto__dbt_tmp"
  
  
    as
  
  (
    -- Dimensão posto: uma linha por CNPJ (estabelecimento revendedor).

SELECT
    md5(cast(coalesce(cast(cnpj as TEXT), '_dbt_utils_surrogate_key_null_') as TEXT)) AS sk_posto,
    cnpj,
    MAX(revenda)  AS revenda,
    MAX(bandeira) AS bandeira,
    MAX(uf)       AS uf,
    MAX(cidade)   AS cidade,
    MAX(bairro)   AS bairro
FROM "anp_fuel"."public"."stg_precos"
GROUP BY cnpj
  );
  
[0m19:20:02.120702 [debug] [Thread-2 (]: Opening a new connection, currently in state init
[0m19:20:02.121139 [debug] [Thread-3 (]: Using postgres connection "model.anp_fuel.dim_produto"
[0m19:20:02.121500 [debug] [Thread-3 (]: On model.anp_fuel.dim_produto: /* {"app": "dbt", "dbt_version": "1.12.0", "profile_name": "anp_fuel", "target_name": "dev", "node_id": "model.anp_fuel.dim_produto"} */

  
    

  create  table "anp_fuel"."public"."dim_produto__dbt_tmp"
  
  
    as
  
  (
    -- Dimensão produto: uma linha por combustível.

SELECT
    md5(cast(coalesce(cast(produto as TEXT), '_dbt_utils_surrogate_key_null_') as TEXT)) AS sk_produto,
    produto,
    unidade_medida
FROM "anp_fuel"."public"."stg_precos"
GROUP BY produto, unidade_medida
  );
  
[0m19:20:02.122147 [debug] [Thread-3 (]: Opening a new connection, currently in state init
[0m19:20:02.121860 [debug] [Thread-4 (]: Using postgres connection "model.anp_fuel.dim_tempo"
[0m19:20:02.122574 [debug] [Thread-4 (]: On model.anp_fuel.dim_tempo: /* {"app": "dbt", "dbt_version": "1.12.0", "profile_name": "anp_fuel", "target_name": "dev", "node_id": "model.anp_fuel.dim_tempo"} */

  
    

  create  table "anp_fuel"."public"."dim_tempo__dbt_tmp"
  
  
    as
  
  (
    -- Dimensão tempo: uma linha por data presente na série.

SELECT DISTINCT
    md5(cast(coalesce(cast(data_coleta as TEXT), '_dbt_utils_surrogate_key_null_') as TEXT)) AS sk_tempo,
    data_coleta,
    EXTRACT(YEAR    FROM data_coleta)::int  AS ano,
    EXTRACT(MONTH   FROM data_coleta)::int  AS mes,
    EXTRACT(QUARTER FROM data_coleta)::int  AS trimestre,
    CASE WHEN EXTRACT(MONTH FROM data_coleta) <= 6 THEN 1 ELSE 2 END AS semestre,
    TO_CHAR(data_coleta, 'TMMonth')         AS nome_mes,
    EXTRACT(ISODOW FROM data_coleta)::int   AS dia_semana
FROM "anp_fuel"."public"."stg_precos"
  );
  
[0m19:20:02.122862 [debug] [Thread-4 (]: Opening a new connection, currently in state init
[0m19:20:02.552993 [debug] [Thread-3 (]: SQL status: SELECT 7 in 0.431 seconds
[0m19:20:02.561135 [debug] [Thread-3 (]: Using postgres connection "model.anp_fuel.dim_produto"
[0m19:20:02.561719 [debug] [Thread-3 (]: On model.anp_fuel.dim_produto: /* {"app": "dbt", "dbt_version": "1.12.0", "profile_name": "anp_fuel", "target_name": "dev", "node_id": "model.anp_fuel.dim_produto"} */
alter table "anp_fuel"."public"."dim_produto__dbt_tmp" rename to "dim_produto"
[0m19:20:02.562946 [debug] [Thread-3 (]: SQL status: ALTER TABLE in 0.001 seconds
[0m19:20:02.564640 [debug] [Thread-3 (]: On model.anp_fuel.dim_produto: COMMIT
[0m19:20:02.565015 [debug] [Thread-3 (]: Using postgres connection "model.anp_fuel.dim_produto"
[0m19:20:02.565312 [debug] [Thread-3 (]: On model.anp_fuel.dim_produto: COMMIT
[0m19:20:02.571841 [debug] [Thread-3 (]: SQL status: COMMIT in 0.006 seconds
[0m19:20:02.574769 [debug] [Thread-3 (]: Applying DROP to: "anp_fuel"."public"."dim_produto__dbt_backup"
[0m19:20:02.578712 [debug] [Thread-3 (]: Using postgres connection "model.anp_fuel.dim_produto"
[0m19:20:02.579259 [debug] [Thread-3 (]: On model.anp_fuel.dim_produto: /* {"app": "dbt", "dbt_version": "1.12.0", "profile_name": "anp_fuel", "target_name": "dev", "node_id": "model.anp_fuel.dim_produto"} */
drop table if exists "anp_fuel"."public"."dim_produto__dbt_backup" cascade
[0m19:20:02.581196 [debug] [Thread-3 (]: SQL status: DROP TABLE in 0.001 seconds
[0m19:20:02.583071 [debug] [Thread-3 (]: On model.anp_fuel.dim_produto: Close
[0m19:20:02.583999 [debug] [Thread-3 (]: Sending event: {'category': 'dbt', 'action': 'run_model', 'label': '9731eae8-45ad-463a-9cbc-345425684fef', 'context': [<snowplow_tracker.self_describing_json.SelfDescribingJson object at 0x00000217306B7B10>]}
[0m19:20:02.584877 [info ] [Thread-3 (]: 3 of 9 OK created sql table model public.dim_produto ........................... [[32mSELECT 7[0m in 0.50s]
[0m19:20:02.585917 [debug] [Thread-3 (]: Finished running node model.anp_fuel.dim_produto
[0m19:20:02.586442 [debug] [Thread-3 (]: Began running node model.anp_fuel.gold_etanol_vs_gasolina
[0m19:20:02.587131 [info ] [Thread-3 (]: 6 of 9 START sql table model public.gold_etanol_vs_gasolina .................... [RUN]
[0m19:20:02.587937 [debug] [Thread-3 (]: Re-using an available connection from the pool (formerly model.anp_fuel.dim_produto, now model.anp_fuel.gold_etanol_vs_gasolina)
[0m19:20:02.588324 [debug] [Thread-3 (]: Began compiling node model.anp_fuel.gold_etanol_vs_gasolina
[0m19:20:02.590148 [debug] [Thread-3 (]: Writing injected SQL for node "model.anp_fuel.gold_etanol_vs_gasolina"
[0m19:20:02.590892 [debug] [Thread-3 (]: Began executing node model.anp_fuel.gold_etanol_vs_gasolina
[0m19:20:02.593301 [debug] [Thread-3 (]: Writing runtime sql for node "model.anp_fuel.gold_etanol_vs_gasolina"
[0m19:20:02.594247 [debug] [Thread-3 (]: Using postgres connection "model.anp_fuel.gold_etanol_vs_gasolina"
[0m19:20:02.594726 [debug] [Thread-3 (]: On model.anp_fuel.gold_etanol_vs_gasolina: /* {"app": "dbt", "dbt_version": "1.12.0", "profile_name": "anp_fuel", "target_name": "dev", "node_id": "model.anp_fuel.gold_etanol_vs_gasolina"} */

  
    

  create  table "anp_fuel"."public"."gold_etanol_vs_gasolina__dbt_tmp"
  
  
    as
  
  (
    -- Compara preço médio mensal de etanol e gasolina por UF e aplica a
-- regra dos 70%: etanol compensa se custar até 70% da gasolina
-- (por render ~30% menos por litro).

WITH precos_mensais AS (
    SELECT
        uf,
        mes_coleta,
        produto,
        AVG(valor_venda) AS preco_medio
    FROM "anp_fuel"."public"."stg_precos"
    WHERE produto IN ('ETANOL', 'GASOLINA')
    GROUP BY uf, mes_coleta, produto
),

pivotado AS (
    SELECT
        uf,
        mes_coleta,
        MAX(CASE WHEN produto = 'ETANOL'   THEN preco_medio END) AS preco_etanol,
        MAX(CASE WHEN produto = 'GASOLINA' THEN preco_medio END) AS preco_gasolina
    FROM precos_mensais
    GROUP BY uf, mes_coleta
)

SELECT
    uf,
    mes_coleta,
    ROUND(preco_etanol, 3)                       AS preco_etanol,
    ROUND(preco_gasolina, 3)                     AS preco_gasolina,
    ROUND(preco_etanol / preco_gasolina, 4)      AS razao_etanol_gasolina,
    CASE
        WHEN preco_etanol / preco_gasolina <= 0.70 THEN 'ETANOL'
        ELSE 'GASOLINA'
    END                                          AS combustivel_vantajoso
FROM pivotado
WHERE preco_etanol IS NOT NULL
  AND preco_gasolina IS NOT NULL
  );
  
[0m19:20:02.595265 [debug] [Thread-3 (]: Opening a new connection, currently in state closed
[0m19:20:03.106197 [debug] [Thread-2 (]: SQL status: SELECT 16908 in 0.985 seconds
[0m19:20:03.109656 [debug] [Thread-2 (]: Using postgres connection "model.anp_fuel.dim_posto"
[0m19:20:03.110001 [debug] [Thread-2 (]: On model.anp_fuel.dim_posto: /* {"app": "dbt", "dbt_version": "1.12.0", "profile_name": "anp_fuel", "target_name": "dev", "node_id": "model.anp_fuel.dim_posto"} */
alter table "anp_fuel"."public"."dim_posto" rename to "dim_posto__dbt_backup"
[0m19:20:03.110823 [debug] [Thread-2 (]: SQL status: ALTER TABLE in 0.000 seconds
[0m19:20:03.112558 [debug] [Thread-2 (]: Using postgres connection "model.anp_fuel.dim_posto"
[0m19:20:03.112865 [debug] [Thread-2 (]: On model.anp_fuel.dim_posto: /* {"app": "dbt", "dbt_version": "1.12.0", "profile_name": "anp_fuel", "target_name": "dev", "node_id": "model.anp_fuel.dim_posto"} */
alter table "anp_fuel"."public"."dim_posto__dbt_tmp" rename to "dim_posto"
[0m19:20:03.113507 [debug] [Thread-2 (]: SQL status: ALTER TABLE in 0.000 seconds
[0m19:20:03.114841 [debug] [Thread-2 (]: On model.anp_fuel.dim_posto: COMMIT
[0m19:20:03.115155 [debug] [Thread-2 (]: Using postgres connection "model.anp_fuel.dim_posto"
[0m19:20:03.115445 [debug] [Thread-2 (]: On model.anp_fuel.dim_posto: COMMIT
[0m19:20:03.119964 [debug] [Thread-2 (]: SQL status: COMMIT in 0.004 seconds
[0m19:20:03.122835 [debug] [Thread-2 (]: Applying DROP to: "anp_fuel"."public"."dim_posto__dbt_backup"
[0m19:20:03.124012 [debug] [Thread-2 (]: Using postgres connection "model.anp_fuel.dim_posto"
[0m19:20:03.124408 [debug] [Thread-2 (]: On model.anp_fuel.dim_posto: /* {"app": "dbt", "dbt_version": "1.12.0", "profile_name": "anp_fuel", "target_name": "dev", "node_id": "model.anp_fuel.dim_posto"} */
drop table if exists "anp_fuel"."public"."dim_posto__dbt_backup" cascade
[0m19:20:03.157126 [debug] [Thread-2 (]: SQL status: DROP TABLE in 0.032 seconds
[0m19:20:03.159187 [debug] [Thread-2 (]: On model.anp_fuel.dim_posto: Close
[0m19:20:03.160112 [debug] [Thread-2 (]: Sending event: {'category': 'dbt', 'action': 'run_model', 'label': '9731eae8-45ad-463a-9cbc-345425684fef', 'context': [<snowplow_tracker.self_describing_json.SelfDescribingJson object at 0x0000021730B1EDD0>]}
[0m19:20:03.160997 [info ] [Thread-2 (]: 2 of 9 OK created sql table model public.dim_posto ............................. [[32mSELECT 16908[0m in 1.09s]
[0m19:20:03.161980 [debug] [Thread-2 (]: Finished running node model.anp_fuel.dim_posto
[0m19:20:03.162522 [debug] [Thread-2 (]: Began running node model.anp_fuel.gold_preco_mensal_uf
[0m19:20:03.163170 [info ] [Thread-2 (]: 7 of 9 START sql table model public.gold_preco_mensal_uf ....................... [RUN]
[0m19:20:03.163912 [debug] [Thread-2 (]: Re-using an available connection from the pool (formerly model.anp_fuel.dim_posto, now model.anp_fuel.gold_preco_mensal_uf)
[0m19:20:03.164232 [debug] [Thread-2 (]: Began compiling node model.anp_fuel.gold_preco_mensal_uf
[0m19:20:03.166070 [debug] [Thread-2 (]: Writing injected SQL for node "model.anp_fuel.gold_preco_mensal_uf"
[0m19:20:03.166832 [debug] [Thread-2 (]: Began executing node model.anp_fuel.gold_preco_mensal_uf
[0m19:20:03.170796 [debug] [Thread-2 (]: Writing runtime sql for node "model.anp_fuel.gold_preco_mensal_uf"
[0m19:20:03.171736 [debug] [Thread-2 (]: Using postgres connection "model.anp_fuel.gold_preco_mensal_uf"
[0m19:20:03.172216 [debug] [Thread-2 (]: On model.anp_fuel.gold_preco_mensal_uf: /* {"app": "dbt", "dbt_version": "1.12.0", "profile_name": "anp_fuel", "target_name": "dev", "node_id": "model.anp_fuel.gold_preco_mensal_uf"} */

  
    

  create  table "anp_fuel"."public"."gold_preco_mensal_uf__dbt_tmp"
  
  
    as
  
  (
    -- Preço médio mensal por UF e produto — tabela pronta para análise/dashboard.

SELECT
    uf,
    produto,
    mes_coleta,
    ROUND(AVG(valor_venda), 3) AS preco_medio,
    MIN(valor_venda)           AS preco_min,
    MAX(valor_venda)           AS preco_max,
    COUNT(*)                   AS qtd_coletas
FROM "anp_fuel"."public"."stg_precos"
GROUP BY uf, produto, mes_coleta
  );
  
[0m19:20:03.172609 [debug] [Thread-2 (]: Opening a new connection, currently in state closed
[0m19:20:03.219510 [debug] [Thread-3 (]: SQL status: SELECT 1134 in 0.624 seconds
[0m19:20:03.221911 [debug] [Thread-3 (]: Using postgres connection "model.anp_fuel.gold_etanol_vs_gasolina"
[0m19:20:03.222244 [debug] [Thread-3 (]: On model.anp_fuel.gold_etanol_vs_gasolina: /* {"app": "dbt", "dbt_version": "1.12.0", "profile_name": "anp_fuel", "target_name": "dev", "node_id": "model.anp_fuel.gold_etanol_vs_gasolina"} */
alter table "anp_fuel"."public"."gold_etanol_vs_gasolina" rename to "gold_etanol_vs_gasolina__dbt_backup"
[0m19:20:03.222865 [debug] [Thread-3 (]: SQL status: ALTER TABLE in 0.000 seconds
[0m19:20:03.224431 [debug] [Thread-3 (]: Using postgres connection "model.anp_fuel.gold_etanol_vs_gasolina"
[0m19:20:03.224736 [debug] [Thread-3 (]: On model.anp_fuel.gold_etanol_vs_gasolina: /* {"app": "dbt", "dbt_version": "1.12.0", "profile_name": "anp_fuel", "target_name": "dev", "node_id": "model.anp_fuel.gold_etanol_vs_gasolina"} */
alter table "anp_fuel"."public"."gold_etanol_vs_gasolina__dbt_tmp" rename to "gold_etanol_vs_gasolina"
[0m19:20:03.225373 [debug] [Thread-3 (]: SQL status: ALTER TABLE in 0.000 seconds
[0m19:20:03.226611 [debug] [Thread-3 (]: On model.anp_fuel.gold_etanol_vs_gasolina: COMMIT
[0m19:20:03.226898 [debug] [Thread-3 (]: Using postgres connection "model.anp_fuel.gold_etanol_vs_gasolina"
[0m19:20:03.227166 [debug] [Thread-3 (]: On model.anp_fuel.gold_etanol_vs_gasolina: COMMIT
[0m19:20:03.231863 [debug] [Thread-3 (]: SQL status: COMMIT in 0.004 seconds
[0m19:20:03.233277 [debug] [Thread-3 (]: Applying DROP to: "anp_fuel"."public"."gold_etanol_vs_gasolina__dbt_backup"
[0m19:20:03.234928 [debug] [Thread-3 (]: Using postgres connection "model.anp_fuel.gold_etanol_vs_gasolina"
[0m19:20:03.235393 [debug] [Thread-3 (]: On model.anp_fuel.gold_etanol_vs_gasolina: /* {"app": "dbt", "dbt_version": "1.12.0", "profile_name": "anp_fuel", "target_name": "dev", "node_id": "model.anp_fuel.gold_etanol_vs_gasolina"} */
drop table if exists "anp_fuel"."public"."gold_etanol_vs_gasolina__dbt_backup" cascade
[0m19:20:03.262048 [debug] [Thread-3 (]: SQL status: DROP TABLE in 0.026 seconds
[0m19:20:03.263396 [debug] [Thread-3 (]: On model.anp_fuel.gold_etanol_vs_gasolina: Close
[0m19:20:03.264122 [debug] [Thread-3 (]: Sending event: {'category': 'dbt', 'action': 'run_model', 'label': '9731eae8-45ad-463a-9cbc-345425684fef', 'context': [<snowplow_tracker.self_describing_json.SelfDescribingJson object at 0x000002173066EBA0>]}
[0m19:20:03.264880 [info ] [Thread-3 (]: 6 of 9 OK created sql table model public.gold_etanol_vs_gasolina ............... [[32mSELECT 1134[0m in 0.68s]
[0m19:20:03.265758 [debug] [Thread-3 (]: Finished running node model.anp_fuel.gold_etanol_vs_gasolina
[0m19:20:03.266273 [debug] [Thread-3 (]: Began running node model.anp_fuel.gold_ranking_bandeiras
[0m19:20:03.266915 [info ] [Thread-3 (]: 8 of 9 START sql table model public.gold_ranking_bandeiras ..................... [RUN]
[0m19:20:03.267593 [debug] [Thread-3 (]: Re-using an available connection from the pool (formerly model.anp_fuel.gold_etanol_vs_gasolina, now model.anp_fuel.gold_ranking_bandeiras)
[0m19:20:03.268037 [debug] [Thread-3 (]: Began compiling node model.anp_fuel.gold_ranking_bandeiras
[0m19:20:03.270258 [debug] [Thread-3 (]: Writing injected SQL for node "model.anp_fuel.gold_ranking_bandeiras"
[0m19:20:03.271043 [debug] [Thread-3 (]: Began executing node model.anp_fuel.gold_ranking_bandeiras
[0m19:20:03.274308 [debug] [Thread-3 (]: Writing runtime sql for node "model.anp_fuel.gold_ranking_bandeiras"
[0m19:20:03.274981 [debug] [Thread-3 (]: Using postgres connection "model.anp_fuel.gold_ranking_bandeiras"
[0m19:20:03.275317 [debug] [Thread-3 (]: On model.anp_fuel.gold_ranking_bandeiras: /* {"app": "dbt", "dbt_version": "1.12.0", "profile_name": "anp_fuel", "target_name": "dev", "node_id": "model.anp_fuel.gold_ranking_bandeiras"} */

  
    

  create  table "anp_fuel"."public"."gold_ranking_bandeiras__dbt_tmp"
  
  
    as
  
  (
    -- Participação de cada bandeira no total de coletas, por UF.
-- Exercita: window functions (participação percentual e ranking).

SELECT
    uf,
    bandeira,
    COUNT(*)                                          AS qtd_coletas,
    COUNT(DISTINCT cnpj)                              AS qtd_postos,
    ROUND(
        100.0 * COUNT(*) / SUM(COUNT(*)) OVER (PARTITION BY uf),
        2
    )                                                 AS participacao_pct,
    RANK() OVER (PARTITION BY uf ORDER BY COUNT(*) DESC) AS posicao
FROM "anp_fuel"."public"."stg_precos"
GROUP BY uf, bandeira
  );
  
[0m19:20:03.275659 [debug] [Thread-3 (]: Opening a new connection, currently in state closed
[0m19:20:04.046836 [debug] [Thread-2 (]: SQL status: SELECT 6403 in 0.874 seconds
[0m19:20:04.049236 [debug] [Thread-2 (]: Using postgres connection "model.anp_fuel.gold_preco_mensal_uf"
[0m19:20:04.049558 [debug] [Thread-2 (]: On model.anp_fuel.gold_preco_mensal_uf: /* {"app": "dbt", "dbt_version": "1.12.0", "profile_name": "anp_fuel", "target_name": "dev", "node_id": "model.anp_fuel.gold_preco_mensal_uf"} */
alter table "anp_fuel"."public"."gold_preco_mensal_uf" rename to "gold_preco_mensal_uf__dbt_backup"
[0m19:20:04.050294 [debug] [Thread-2 (]: SQL status: ALTER TABLE in 0.000 seconds
[0m19:20:04.052793 [debug] [Thread-2 (]: Using postgres connection "model.anp_fuel.gold_preco_mensal_uf"
[0m19:20:04.053269 [debug] [Thread-2 (]: On model.anp_fuel.gold_preco_mensal_uf: /* {"app": "dbt", "dbt_version": "1.12.0", "profile_name": "anp_fuel", "target_name": "dev", "node_id": "model.anp_fuel.gold_preco_mensal_uf"} */
alter table "anp_fuel"."public"."gold_preco_mensal_uf__dbt_tmp" rename to "gold_preco_mensal_uf"
[0m19:20:04.054111 [debug] [Thread-2 (]: SQL status: ALTER TABLE in 0.000 seconds
[0m19:20:04.055353 [debug] [Thread-2 (]: On model.anp_fuel.gold_preco_mensal_uf: COMMIT
[0m19:20:04.055641 [debug] [Thread-2 (]: Using postgres connection "model.anp_fuel.gold_preco_mensal_uf"
[0m19:20:04.055905 [debug] [Thread-2 (]: On model.anp_fuel.gold_preco_mensal_uf: COMMIT
[0m19:20:04.060575 [debug] [Thread-2 (]: SQL status: COMMIT in 0.004 seconds
[0m19:20:04.061828 [debug] [Thread-2 (]: Applying DROP to: "anp_fuel"."public"."gold_preco_mensal_uf__dbt_backup"
[0m19:20:04.062422 [debug] [Thread-2 (]: Using postgres connection "model.anp_fuel.gold_preco_mensal_uf"
[0m19:20:04.062766 [debug] [Thread-2 (]: On model.anp_fuel.gold_preco_mensal_uf: /* {"app": "dbt", "dbt_version": "1.12.0", "profile_name": "anp_fuel", "target_name": "dev", "node_id": "model.anp_fuel.gold_preco_mensal_uf"} */
drop table if exists "anp_fuel"."public"."gold_preco_mensal_uf__dbt_backup" cascade
[0m19:20:04.086286 [debug] [Thread-2 (]: SQL status: DROP TABLE in 0.023 seconds
[0m19:20:04.091545 [debug] [Thread-2 (]: On model.anp_fuel.gold_preco_mensal_uf: Close
[0m19:20:04.092241 [debug] [Thread-2 (]: Sending event: {'category': 'dbt', 'action': 'run_model', 'label': '9731eae8-45ad-463a-9cbc-345425684fef', 'context': [<snowplow_tracker.self_describing_json.SelfDescribingJson object at 0x000002173064E1B0>]}
[0m19:20:04.092862 [info ] [Thread-2 (]: 7 of 9 OK created sql table model public.gold_preco_mensal_uf .................. [[32mSELECT 6403[0m in 0.93s]
[0m19:20:04.093802 [debug] [Thread-2 (]: Finished running node model.anp_fuel.gold_preco_mensal_uf
[0m19:20:04.094368 [debug] [Thread-2 (]: Began running node model.anp_fuel.gold_variacao_mensal
[0m19:20:04.095136 [info ] [Thread-2 (]: 9 of 9 START sql table model public.gold_variacao_mensal ....................... [RUN]
[0m19:20:04.095971 [debug] [Thread-2 (]: Re-using an available connection from the pool (formerly model.anp_fuel.gold_preco_mensal_uf, now model.anp_fuel.gold_variacao_mensal)
[0m19:20:04.096421 [debug] [Thread-2 (]: Began compiling node model.anp_fuel.gold_variacao_mensal
[0m19:20:04.098868 [debug] [Thread-2 (]: Writing injected SQL for node "model.anp_fuel.gold_variacao_mensal"
[0m19:20:04.099870 [debug] [Thread-2 (]: Began executing node model.anp_fuel.gold_variacao_mensal
[0m19:20:04.103761 [debug] [Thread-2 (]: Writing runtime sql for node "model.anp_fuel.gold_variacao_mensal"
[0m19:20:04.104703 [debug] [Thread-2 (]: Using postgres connection "model.anp_fuel.gold_variacao_mensal"
[0m19:20:04.105211 [debug] [Thread-2 (]: On model.anp_fuel.gold_variacao_mensal: /* {"app": "dbt", "dbt_version": "1.12.0", "profile_name": "anp_fuel", "target_name": "dev", "node_id": "model.anp_fuel.gold_variacao_mensal"} */

  
    

  create  table "anp_fuel"."public"."gold_variacao_mensal__dbt_tmp"
  
  
    as
  
  (
    -- Variação percentual do preço médio mês a mês, por UF e produto.
-- Exercita: LAG (comparação com o período anterior).

WITH mensal AS (
    SELECT
        uf,
        produto,
        mes_coleta,
        AVG(valor_venda) AS preco_medio
    FROM "anp_fuel"."public"."stg_precos"
    GROUP BY uf, produto, mes_coleta
)

SELECT
    uf,
    produto,
    mes_coleta,
    ROUND(preco_medio, 3) AS preco_medio,
    ROUND(
        100.0 * (preco_medio - LAG(preco_medio) OVER w) / LAG(preco_medio) OVER w,
        2
    ) AS variacao_pct
FROM mensal
WINDOW w AS (PARTITION BY uf, produto ORDER BY mes_coleta)
  );
  
[0m19:20:04.105708 [debug] [Thread-2 (]: Opening a new connection, currently in state closed
[0m19:20:04.886433 [debug] [Thread-2 (]: SQL status: SELECT 6403 in 0.781 seconds
[0m19:20:04.889177 [debug] [Thread-2 (]: Using postgres connection "model.anp_fuel.gold_variacao_mensal"
[0m19:20:04.889569 [debug] [Thread-2 (]: On model.anp_fuel.gold_variacao_mensal: /* {"app": "dbt", "dbt_version": "1.12.0", "profile_name": "anp_fuel", "target_name": "dev", "node_id": "model.anp_fuel.gold_variacao_mensal"} */
alter table "anp_fuel"."public"."gold_variacao_mensal" rename to "gold_variacao_mensal__dbt_backup"
[0m19:20:04.890420 [debug] [Thread-2 (]: SQL status: ALTER TABLE in 0.000 seconds
[0m19:20:04.892256 [debug] [Thread-2 (]: Using postgres connection "model.anp_fuel.gold_variacao_mensal"
[0m19:20:04.892592 [debug] [Thread-2 (]: On model.anp_fuel.gold_variacao_mensal: /* {"app": "dbt", "dbt_version": "1.12.0", "profile_name": "anp_fuel", "target_name": "dev", "node_id": "model.anp_fuel.gold_variacao_mensal"} */
alter table "anp_fuel"."public"."gold_variacao_mensal__dbt_tmp" rename to "gold_variacao_mensal"
[0m19:20:04.893324 [debug] [Thread-2 (]: SQL status: ALTER TABLE in 0.000 seconds
[0m19:20:04.894829 [debug] [Thread-2 (]: On model.anp_fuel.gold_variacao_mensal: COMMIT
[0m19:20:04.895144 [debug] [Thread-2 (]: Using postgres connection "model.anp_fuel.gold_variacao_mensal"
[0m19:20:04.895415 [debug] [Thread-2 (]: On model.anp_fuel.gold_variacao_mensal: COMMIT
[0m19:20:04.900631 [debug] [Thread-2 (]: SQL status: COMMIT in 0.005 seconds
[0m19:20:04.901966 [debug] [Thread-2 (]: Applying DROP to: "anp_fuel"."public"."gold_variacao_mensal__dbt_backup"
[0m19:20:04.902602 [debug] [Thread-2 (]: Using postgres connection "model.anp_fuel.gold_variacao_mensal"
[0m19:20:04.902890 [debug] [Thread-2 (]: On model.anp_fuel.gold_variacao_mensal: /* {"app": "dbt", "dbt_version": "1.12.0", "profile_name": "anp_fuel", "target_name": "dev", "node_id": "model.anp_fuel.gold_variacao_mensal"} */
drop table if exists "anp_fuel"."public"."gold_variacao_mensal__dbt_backup" cascade
[0m19:20:04.956368 [debug] [Thread-2 (]: SQL status: DROP TABLE in 0.053 seconds
[0m19:20:04.958057 [debug] [Thread-2 (]: On model.anp_fuel.gold_variacao_mensal: Close
[0m19:20:04.958921 [debug] [Thread-2 (]: Sending event: {'category': 'dbt', 'action': 'run_model', 'label': '9731eae8-45ad-463a-9cbc-345425684fef', 'context': [<snowplow_tracker.self_describing_json.SelfDescribingJson object at 0x000002173064E8D0>]}
[0m19:20:04.959754 [info ] [Thread-2 (]: 9 of 9 OK created sql table model public.gold_variacao_mensal .................. [[32mSELECT 6403[0m in 0.86s]
[0m19:20:04.960985 [debug] [Thread-2 (]: Finished running node model.anp_fuel.gold_variacao_mensal
[0m19:20:05.776372 [debug] [Thread-4 (]: SQL status: SELECT 929 in 3.653 seconds
[0m19:20:05.779096 [debug] [Thread-4 (]: Using postgres connection "model.anp_fuel.dim_tempo"
[0m19:20:05.779429 [debug] [Thread-4 (]: On model.anp_fuel.dim_tempo: /* {"app": "dbt", "dbt_version": "1.12.0", "profile_name": "anp_fuel", "target_name": "dev", "node_id": "model.anp_fuel.dim_tempo"} */
alter table "anp_fuel"."public"."dim_tempo" rename to "dim_tempo__dbt_backup"
[0m19:20:05.780211 [debug] [Thread-4 (]: SQL status: ALTER TABLE in 0.000 seconds
[0m19:20:05.781744 [debug] [Thread-4 (]: Using postgres connection "model.anp_fuel.dim_tempo"
[0m19:20:05.782025 [debug] [Thread-4 (]: On model.anp_fuel.dim_tempo: /* {"app": "dbt", "dbt_version": "1.12.0", "profile_name": "anp_fuel", "target_name": "dev", "node_id": "model.anp_fuel.dim_tempo"} */
alter table "anp_fuel"."public"."dim_tempo__dbt_tmp" rename to "dim_tempo"
[0m19:20:05.782658 [debug] [Thread-4 (]: SQL status: ALTER TABLE in 0.000 seconds
[0m19:20:05.784020 [debug] [Thread-4 (]: On model.anp_fuel.dim_tempo: COMMIT
[0m19:20:05.784312 [debug] [Thread-4 (]: Using postgres connection "model.anp_fuel.dim_tempo"
[0m19:20:05.784565 [debug] [Thread-4 (]: On model.anp_fuel.dim_tempo: COMMIT
[0m19:20:05.791186 [debug] [Thread-4 (]: SQL status: COMMIT in 0.006 seconds
[0m19:20:05.792568 [debug] [Thread-4 (]: Applying DROP to: "anp_fuel"."public"."dim_tempo__dbt_backup"
[0m19:20:05.793198 [debug] [Thread-4 (]: Using postgres connection "model.anp_fuel.dim_tempo"
[0m19:20:05.793477 [debug] [Thread-4 (]: On model.anp_fuel.dim_tempo: /* {"app": "dbt", "dbt_version": "1.12.0", "profile_name": "anp_fuel", "target_name": "dev", "node_id": "model.anp_fuel.dim_tempo"} */
drop table if exists "anp_fuel"."public"."dim_tempo__dbt_backup" cascade
[0m19:20:05.825967 [debug] [Thread-4 (]: SQL status: DROP TABLE in 0.032 seconds
[0m19:20:05.827216 [debug] [Thread-4 (]: On model.anp_fuel.dim_tempo: Close
[0m19:20:05.827813 [debug] [Thread-4 (]: Sending event: {'category': 'dbt', 'action': 'run_model', 'label': '9731eae8-45ad-463a-9cbc-345425684fef', 'context': [<snowplow_tracker.self_describing_json.SelfDescribingJson object at 0x000002173076F710>]}
[0m19:20:05.828364 [info ] [Thread-4 (]: 4 of 9 OK created sql table model public.dim_tempo ............................. [[32mSELECT 929[0m in 3.76s]
[0m19:20:05.829078 [debug] [Thread-4 (]: Finished running node model.anp_fuel.dim_tempo
[0m19:20:14.238328 [debug] [Thread-3 (]: SQL status: SELECT 324 in 10.963 seconds
[0m19:20:14.240640 [debug] [Thread-3 (]: Using postgres connection "model.anp_fuel.gold_ranking_bandeiras"
[0m19:20:14.240967 [debug] [Thread-3 (]: On model.anp_fuel.gold_ranking_bandeiras: /* {"app": "dbt", "dbt_version": "1.12.0", "profile_name": "anp_fuel", "target_name": "dev", "node_id": "model.anp_fuel.gold_ranking_bandeiras"} */
alter table "anp_fuel"."public"."gold_ranking_bandeiras" rename to "gold_ranking_bandeiras__dbt_backup"
[0m19:20:14.241787 [debug] [Thread-3 (]: SQL status: ALTER TABLE in 0.001 seconds
[0m19:20:14.243249 [debug] [Thread-3 (]: Using postgres connection "model.anp_fuel.gold_ranking_bandeiras"
[0m19:20:14.243516 [debug] [Thread-3 (]: On model.anp_fuel.gold_ranking_bandeiras: /* {"app": "dbt", "dbt_version": "1.12.0", "profile_name": "anp_fuel", "target_name": "dev", "node_id": "model.anp_fuel.gold_ranking_bandeiras"} */
alter table "anp_fuel"."public"."gold_ranking_bandeiras__dbt_tmp" rename to "gold_ranking_bandeiras"
[0m19:20:14.244381 [debug] [Thread-3 (]: SQL status: ALTER TABLE in 0.001 seconds
[0m19:20:14.245513 [debug] [Thread-3 (]: On model.anp_fuel.gold_ranking_bandeiras: COMMIT
[0m19:20:14.245784 [debug] [Thread-3 (]: Using postgres connection "model.anp_fuel.gold_ranking_bandeiras"
[0m19:20:14.246036 [debug] [Thread-3 (]: On model.anp_fuel.gold_ranking_bandeiras: COMMIT
[0m19:20:14.252809 [debug] [Thread-3 (]: SQL status: COMMIT in 0.006 seconds
[0m19:20:14.254189 [debug] [Thread-3 (]: Applying DROP to: "anp_fuel"."public"."gold_ranking_bandeiras__dbt_backup"
[0m19:20:14.254865 [debug] [Thread-3 (]: Using postgres connection "model.anp_fuel.gold_ranking_bandeiras"
[0m19:20:14.255140 [debug] [Thread-3 (]: On model.anp_fuel.gold_ranking_bandeiras: /* {"app": "dbt", "dbt_version": "1.12.0", "profile_name": "anp_fuel", "target_name": "dev", "node_id": "model.anp_fuel.gold_ranking_bandeiras"} */
drop table if exists "anp_fuel"."public"."gold_ranking_bandeiras__dbt_backup" cascade
[0m19:20:14.259387 [debug] [Thread-3 (]: SQL status: DROP TABLE in 0.004 seconds
[0m19:20:14.260916 [debug] [Thread-3 (]: On model.anp_fuel.gold_ranking_bandeiras: Close
[0m19:20:14.261736 [debug] [Thread-3 (]: Sending event: {'category': 'dbt', 'action': 'run_model', 'label': '9731eae8-45ad-463a-9cbc-345425684fef', 'context': [<snowplow_tracker.self_describing_json.SelfDescribingJson object at 0x000002173076D610>]}
[0m19:20:14.262506 [info ] [Thread-3 (]: 8 of 9 OK created sql table model public.gold_ranking_bandeiras ................ [[32mSELECT 324[0m in 10.99s]
[0m19:20:14.263355 [debug] [Thread-3 (]: Finished running node model.anp_fuel.gold_ranking_bandeiras
[0m19:20:19.511162 [debug] [Thread-1 (]: SQL status: SELECT 2979683 in 17.391 seconds
[0m19:20:19.513296 [debug] [Thread-1 (]: Using postgres connection "model.anp_fuel.fato_coleta"
[0m19:20:19.513599 [debug] [Thread-1 (]: On model.anp_fuel.fato_coleta: /* {"app": "dbt", "dbt_version": "1.12.0", "profile_name": "anp_fuel", "target_name": "dev", "node_id": "model.anp_fuel.fato_coleta"} */
alter table "anp_fuel"."public"."fato_coleta" rename to "fato_coleta__dbt_backup"
[0m19:20:19.516397 [debug] [Thread-1 (]: SQL status: ALTER TABLE in 0.003 seconds
[0m19:20:19.518340 [debug] [Thread-1 (]: Using postgres connection "model.anp_fuel.fato_coleta"
[0m19:20:19.518621 [debug] [Thread-1 (]: On model.anp_fuel.fato_coleta: /* {"app": "dbt", "dbt_version": "1.12.0", "profile_name": "anp_fuel", "target_name": "dev", "node_id": "model.anp_fuel.fato_coleta"} */
alter table "anp_fuel"."public"."fato_coleta__dbt_tmp" rename to "fato_coleta"
[0m19:20:19.519205 [debug] [Thread-1 (]: SQL status: ALTER TABLE in 0.000 seconds
[0m19:20:19.520321 [debug] [Thread-1 (]: On model.anp_fuel.fato_coleta: COMMIT
[0m19:20:19.520574 [debug] [Thread-1 (]: Using postgres connection "model.anp_fuel.fato_coleta"
[0m19:20:19.520802 [debug] [Thread-1 (]: On model.anp_fuel.fato_coleta: COMMIT
[0m19:20:19.524096 [debug] [Thread-1 (]: SQL status: COMMIT in 0.003 seconds
[0m19:20:19.525245 [debug] [Thread-1 (]: Applying DROP to: "anp_fuel"."public"."fato_coleta__dbt_backup"
[0m19:20:19.525784 [debug] [Thread-1 (]: Using postgres connection "model.anp_fuel.fato_coleta"
[0m19:20:19.526034 [debug] [Thread-1 (]: On model.anp_fuel.fato_coleta: /* {"app": "dbt", "dbt_version": "1.12.0", "profile_name": "anp_fuel", "target_name": "dev", "node_id": "model.anp_fuel.fato_coleta"} */
drop table if exists "anp_fuel"."public"."fato_coleta__dbt_backup" cascade
[0m19:20:19.583708 [debug] [Thread-1 (]: SQL status: DROP TABLE in 0.057 seconds
[0m19:20:19.584958 [debug] [Thread-1 (]: On model.anp_fuel.fato_coleta: Close
[0m19:20:19.585554 [debug] [Thread-1 (]: Sending event: {'category': 'dbt', 'action': 'run_model', 'label': '9731eae8-45ad-463a-9cbc-345425684fef', 'context': [<snowplow_tracker.self_describing_json.SelfDescribingJson object at 0x000002173076E930>]}
[0m19:20:19.586158 [info ] [Thread-1 (]: 5 of 9 OK created sql table model public.fato_coleta ........................... [[32mSELECT 2979683[0m in 17.52s]
[0m19:20:19.586904 [debug] [Thread-1 (]: Finished running node model.anp_fuel.fato_coleta
[0m19:20:19.588510 [debug] [MainThread]: On master: COMMIT
[0m19:20:19.588761 [debug] [MainThread]: Using postgres connection "master"
[0m19:20:19.588977 [debug] [MainThread]: On master: COMMIT
[0m19:20:19.589189 [debug] [MainThread]: Opening a new connection, currently in state closed
[0m19:20:19.730335 [debug] [MainThread]: SQL status: COMMIT in 0.141 seconds
[0m19:20:19.730740 [debug] [MainThread]: On master: Close
[0m19:20:19.731188 [debug] [MainThread]: Connection 'master' was properly closed.
[0m19:20:19.731461 [debug] [MainThread]: Connection 'list_anp_fuel' was properly closed.
[0m19:20:19.731722 [debug] [MainThread]: Connection 'list_anp_fuel_public' was properly closed.
[0m19:20:19.731904 [debug] [MainThread]: Connection 'model.anp_fuel.fato_coleta' was properly closed.
[0m19:20:19.732116 [debug] [MainThread]: Connection 'model.anp_fuel.dim_tempo' was properly closed.
[0m19:20:19.732329 [debug] [MainThread]: Connection 'model.anp_fuel.gold_variacao_mensal' was properly closed.
[0m19:20:19.732504 [debug] [MainThread]: Connection 'model.anp_fuel.gold_ranking_bandeiras' was properly closed.
[0m19:20:19.732812 [info ] [MainThread]: 
[0m19:20:19.733501 [info ] [MainThread]: Finished running 8 table models, 1 view model in 0 hours 0 minutes and 18.11 seconds (18.11s).
[0m19:20:19.735550 [debug] [MainThread]: Command end result
[0m19:20:19.769819 [debug] [MainThread]: Wrote artifact WritableManifest to D:\ESTUDOS\projetos\anp-fuel\dbt\target\manifest.json
[0m19:20:19.773320 [debug] [MainThread]: Wrote artifact SemanticManifest to D:\ESTUDOS\projetos\anp-fuel\dbt\target\semantic_manifest.json
[0m19:20:19.777907 [debug] [MainThread]: Wrote artifact OsiDocument to D:\ESTUDOS\projetos\anp-fuel\dbt\target\osi_document.json
[0m19:20:19.784518 [debug] [MainThread]: Wrote artifact RunExecutionResult to D:\ESTUDOS\projetos\anp-fuel\dbt\target\run_results.json
[0m19:20:19.784836 [info ] [MainThread]: 
[0m19:20:19.785409 [info ] [MainThread]: [32mCompleted successfully[0m
[0m19:20:19.785931 [info ] [MainThread]: 
[0m19:20:19.786409 [info ] [MainThread]: Done. PASS=9 WARN=0 ERROR=0 SKIP=0 NO-OP=0 REUSED=0 TOTAL=9
[0m19:20:19.787015 [warn ] [MainThread]: [[33mWARNING[0m][DeprecationsSummary]: Deprecated functionality
Summary of encountered deprecations:
- MissingArgumentsPropertyInGenericTestDeprecation: 1 occurrence
To see all deprecation instances instead of just the first occurrence of each,
run command again with the `--show-all-deprecations` flag. You may also need to
run with `--no-partial-parse` as some deprecations are only encountered during
parsing.
[0m19:20:19.788124 [debug] [MainThread]: Command `dbt run` succeeded at 19:20:19.788023 after 19.46 seconds
[0m19:20:19.788509 [debug] [MainThread]: Sending event: {'category': 'dbt', 'action': 'invocation', 'label': 'end', 'context': [<snowplow_tracker.self_describing_json.SelfDescribingJson object at 0x000002173021F530>, <snowplow_tracker.self_describing_json.SelfDescribingJson object at 0x000002172D1FFEF0>, <snowplow_tracker.self_describing_json.SelfDescribingJson object at 0x000002173076E390>]}
[0m19:20:19.788888 [debug] [MainThread]: Flushing usage events
[0m19:20:20.650046 [debug] [MainThread]: An error was encountered while trying to flush usage events
[0m19:28:53.601449 [debug] [MainThread]: Sending event: {'category': 'dbt', 'action': 'invocation', 'label': 'start', 'context': [<snowplow_tracker.self_describing_json.SelfDescribingJson object at 0x000001C0E6520830>, <snowplow_tracker.self_describing_json.SelfDescribingJson object at 0x000001C0E3D991D0>, <snowplow_tracker.self_describing_json.SelfDescribingJson object at 0x000001C0E8DBB9D0>]}


============================== 19:28:53.605959 | 182c330f-a52a-43bb-ae50-1b435897736e ==============================
[0m19:28:53.605959 [info ] [MainThread]: Running with dbt=1.12.0
[0m19:28:53.606506 [debug] [MainThread]: running dbt with arguments {'maximum_seed_size_mib': '1', 'no_print': 'None', 'version_check': 'True', 'warn_error_options': 'WarnErrorOptionsV2(error=[], warn=[], silence=[])', 'static_parser': 'True', 'target_path': 'None', 'printer_width': '80', 'write_json': 'True', 'introspect': 'True', 'log_cache_events': 'False', 'empty': 'None', 'cache_selected_only': 'False', 'log_format': 'default', 'debug': 'False', 'fail_fast': 'False', 'partial_parse': 'True', 'send_anonymous_usage_stats': 'True', 'quiet': 'False', 'warn_error': 'None', 'profiles_dir': 'C:\\Users\\arauj\\.dbt', 'invocation_command': 'dbt test', 'hints_enabled': 'True', 'use_colors': 'True', 'use_experimental_parser': 'False', 'indirect_selection': 'eager', 'log_path': 'D:\\ESTUDOS\\projetos\\anp-fuel\\dbt\\logs'}
[0m19:28:53.759970 [debug] [MainThread]: Sending event: {'category': 'dbt', 'action': 'project_id', 'label': '182c330f-a52a-43bb-ae50-1b435897736e', 'context': [<snowplow_tracker.self_describing_json.SelfDescribingJson object at 0x000001C0E8D3AC40>]}
[0m19:28:53.810071 [debug] [MainThread]: Sending event: {'category': 'dbt', 'action': 'adapter_info', 'label': '182c330f-a52a-43bb-ae50-1b435897736e', 'context': [<snowplow_tracker.self_describing_json.SelfDescribingJson object at 0x000001C0E8E5BDF0>]}
[0m19:28:53.811338 [info ] [MainThread]: Registered adapter: postgres=1.11.0
[0m19:28:53.967726 [debug] [MainThread]: checksum: a2adc26f75378a8eb99e8d8f91a2a8f9ec58712ce43e4c142f0908dcdb265eb1, vars: {}, profile: anp_fuel, target: dev, version: 1.12.0
[0m19:28:54.121278 [debug] [MainThread]: Partial parsing enabled: 0 files deleted, 0 files added, 2 files changed.
[0m19:28:54.121970 [debug] [MainThread]: Partial parsing: updated file: anp_fuel://models\staging\schema.yml
[0m19:28:54.122378 [debug] [MainThread]: Partial parsing: updated file: anp_fuel://models\marts\schema.yml
[0m19:28:54.523022 [error] [MainThread]: [[31mERROR[0m]: Encountered an error:
Parsing Error
  Invalid test config given in models\marts\schema.yml:
  	test definition dictionary must have exactly one key, got [('accepted_values', None), ('arguments', {'values': ['ETANOL', 'GASOLINA']})] instead (2 keys)
  	@: UnparsedModelUpdate(original_file_path='mode...ne)
[0m19:28:54.524011 [debug] [MainThread]: Command `dbt test` failed at 19:28:54.523895 after 1.09 seconds
[0m19:28:54.524324 [debug] [MainThread]: Sending event: {'category': 'dbt', 'action': 'invocation', 'label': 'end', 'context': [<snowplow_tracker.self_describing_json.SelfDescribingJson object at 0x000001C0E9615250>, <snowplow_tracker.self_describing_json.SelfDescribingJson object at 0x000001C0E9615350>, <snowplow_tracker.self_describing_json.SelfDescribingJson object at 0x000001C0E998A8A0>]}
[0m19:28:54.524604 [debug] [MainThread]: Flushing usage events
[0m19:28:55.206542 [debug] [MainThread]: An error was encountered while trying to flush usage events
[0m19:29:17.461541 [debug] [MainThread]: Sending event: {'category': 'dbt', 'action': 'invocation', 'label': 'start', 'context': [<snowplow_tracker.self_describing_json.SelfDescribingJson object at 0x000001F722CB4830>, <snowplow_tracker.self_describing_json.SelfDescribingJson object at 0x000001F7205291D0>, <snowplow_tracker.self_describing_json.SelfDescribingJson object at 0x000001F7255479D0>]}


============================== 19:29:17.465185 | 84eb7073-cb45-4504-a629-8bbcfb1115d9 ==============================
[0m19:29:17.465185 [info ] [MainThread]: Running with dbt=1.12.0
[0m19:29:17.465816 [debug] [MainThread]: running dbt with arguments {'maximum_seed_size_mib': '1', 'no_print': 'None', 'version_check': 'True', 'target_path': 'None', 'warn_error_options': 'WarnErrorOptionsV2(error=[], warn=[], silence=[])', 'static_parser': 'True', 'printer_width': '80', 'write_json': 'True', 'empty': 'None', 'log_cache_events': 'False', 'introspect': 'True', 'cache_selected_only': 'False', 'fail_fast': 'False', 'debug': 'False', 'log_format': 'default', 'partial_parse': 'True', 'send_anonymous_usage_stats': 'True', 'quiet': 'False', 'warn_error': 'None', 'profiles_dir': 'C:\\Users\\arauj\\.dbt', 'use_colors': 'True', 'hints_enabled': 'True', 'indirect_selection': 'eager', 'use_experimental_parser': 'False', 'invocation_command': 'dbt test', 'log_path': 'D:\\ESTUDOS\\projetos\\anp-fuel\\dbt\\logs'}
[0m19:29:17.602961 [debug] [MainThread]: Sending event: {'category': 'dbt', 'action': 'project_id', 'label': '84eb7073-cb45-4504-a629-8bbcfb1115d9', 'context': [<snowplow_tracker.self_describing_json.SelfDescribingJson object at 0x000001F7254CAC40>]}
[0m19:29:17.651818 [debug] [MainThread]: Sending event: {'category': 'dbt', 'action': 'adapter_info', 'label': '84eb7073-cb45-4504-a629-8bbcfb1115d9', 'context': [<snowplow_tracker.self_describing_json.SelfDescribingJson object at 0x000001F7255E7DF0>]}
[0m19:29:17.653062 [info ] [MainThread]: Registered adapter: postgres=1.11.0
[0m19:29:17.803295 [debug] [MainThread]: checksum: a2adc26f75378a8eb99e8d8f91a2a8f9ec58712ce43e4c142f0908dcdb265eb1, vars: {}, profile: anp_fuel, target: dev, version: 1.12.0
[0m19:29:17.917639 [debug] [MainThread]: Partial parsing enabled: 0 files deleted, 0 files added, 2 files changed.
[0m19:29:17.918246 [debug] [MainThread]: Partial parsing: updated file: anp_fuel://models\staging\schema.yml
[0m19:29:17.918641 [debug] [MainThread]: Partial parsing: updated file: anp_fuel://models\marts\schema.yml
[0m19:29:18.322385 [error] [MainThread]: [[31mERROR[0m]: Encountered an error:
Parsing Error
  Invalid test config given in models\marts\schema.yml:
  	test definition dictionary must have exactly one key, got [('accepted_values', None), ('arguments', {'values': ['ETANOL', 'GASOLINA']})] instead (2 keys)
  	@: UnparsedModelUpdate(original_file_path='mode...ne)
[0m19:29:18.323364 [debug] [MainThread]: Command `dbt test` failed at 19:29:18.323257 after 1.01 seconds
[0m19:29:18.323662 [debug] [MainThread]: Sending event: {'category': 'dbt', 'action': 'invocation', 'label': 'end', 'context': [<snowplow_tracker.self_describing_json.SelfDescribingJson object at 0x000001F725D49250>, <snowplow_tracker.self_describing_json.SelfDescribingJson object at 0x000001F725D49350>, <snowplow_tracker.self_describing_json.SelfDescribingJson object at 0x000001F72612A8A0>]}
[0m19:29:18.323938 [debug] [MainThread]: Flushing usage events
[0m19:29:19.120722 [debug] [MainThread]: An error was encountered while trying to flush usage events
[0m19:30:37.657853 [debug] [MainThread]: Sending event: {'category': 'dbt', 'action': 'invocation', 'label': 'start', 'context': [<snowplow_tracker.self_describing_json.SelfDescribingJson object at 0x0000027D33590830>, <snowplow_tracker.self_describing_json.SelfDescribingJson object at 0x0000027D30E091D0>, <snowplow_tracker.self_describing_json.SelfDescribingJson object at 0x0000027D35E279D0>]}


============================== 19:30:37.661478 | 30ec5ce1-2602-4783-834a-5b3925cc2070 ==============================
[0m19:30:37.661478 [info ] [MainThread]: Running with dbt=1.12.0
[0m19:30:37.662040 [debug] [MainThread]: running dbt with arguments {'version_check': 'True', 'no_print': 'None', 'static_parser': 'True', 'warn_error_options': 'WarnErrorOptionsV2(error=[], warn=[], silence=[])', 'target_path': 'None', 'maximum_seed_size_mib': '1', 'printer_width': '80', 'write_json': 'True', 'empty': 'None', 'log_cache_events': 'False', 'introspect': 'True', 'cache_selected_only': 'False', 'fail_fast': 'False', 'debug': 'False', 'log_format': 'default', 'partial_parse': 'True', 'send_anonymous_usage_stats': 'True', 'quiet': 'False', 'warn_error': 'None', 'profiles_dir': 'C:\\Users\\arauj\\.dbt', 'invocation_command': 'dbt test', 'hints_enabled': 'True', 'indirect_selection': 'eager', 'use_experimental_parser': 'False', 'use_colors': 'True', 'log_path': 'D:\\ESTUDOS\\projetos\\anp-fuel\\dbt\\logs'}
[0m19:30:37.802288 [debug] [MainThread]: Sending event: {'category': 'dbt', 'action': 'project_id', 'label': '30ec5ce1-2602-4783-834a-5b3925cc2070', 'context': [<snowplow_tracker.self_describing_json.SelfDescribingJson object at 0x0000027D35DAAC40>]}
[0m19:30:37.852711 [debug] [MainThread]: Sending event: {'category': 'dbt', 'action': 'adapter_info', 'label': '30ec5ce1-2602-4783-834a-5b3925cc2070', 'context': [<snowplow_tracker.self_describing_json.SelfDescribingJson object at 0x0000027D35ECBDF0>]}
[0m19:30:37.853917 [info ] [MainThread]: Registered adapter: postgres=1.11.0
[0m19:30:37.999684 [debug] [MainThread]: checksum: a2adc26f75378a8eb99e8d8f91a2a8f9ec58712ce43e4c142f0908dcdb265eb1, vars: {}, profile: anp_fuel, target: dev, version: 1.12.0
[0m19:30:38.112067 [debug] [MainThread]: Partial parsing enabled: 0 files deleted, 0 files added, 2 files changed.
[0m19:30:38.112662 [debug] [MainThread]: Partial parsing: updated file: anp_fuel://models\staging\schema.yml
[0m19:30:38.113068 [debug] [MainThread]: Partial parsing: updated file: anp_fuel://models\marts\schema.yml
[0m19:30:38.582292 [debug] [MainThread]: Sending event: {'category': 'dbt', 'action': 'load_project', 'label': '30ec5ce1-2602-4783-834a-5b3925cc2070', 'context': [<snowplow_tracker.self_describing_json.SelfDescribingJson object at 0x0000027D365A9050>]}
[0m19:30:38.665083 [debug] [MainThread]: Wrote artifact WritableManifest to D:\ESTUDOS\projetos\anp-fuel\dbt\target\manifest.json
[0m19:30:38.667699 [debug] [MainThread]: Wrote artifact SemanticManifest to D:\ESTUDOS\projetos\anp-fuel\dbt\target\semantic_manifest.json
[0m19:30:38.692278 [debug] [MainThread]: Wrote artifact OsiDocument to D:\ESTUDOS\projetos\anp-fuel\dbt\target\osi_document.json
[0m19:30:38.712851 [debug] [MainThread]: Sending event: {'category': 'dbt', 'action': 'resource_counts', 'label': '30ec5ce1-2602-4783-834a-5b3925cc2070', 'context': [<snowplow_tracker.self_describing_json.SelfDescribingJson object at 0x0000027D36A36300>]}
[0m19:30:38.713245 [info ] [MainThread]: Found 9 models, 18 data tests, 1 source, 593 macros
[0m19:30:38.713621 [debug] [MainThread]: Sending event: {'category': 'dbt', 'action': 'runnable_timing', 'label': '30ec5ce1-2602-4783-834a-5b3925cc2070', 'context': [<snowplow_tracker.self_describing_json.SelfDescribingJson object at 0x0000027D36A7DFD0>]}
[0m19:30:38.715746 [info ] [MainThread]: 
[0m19:30:38.716071 [info ] [MainThread]: Concurrency: 4 threads (target='dev')
[0m19:30:38.716325 [info ] [MainThread]: 
[0m19:30:38.716740 [debug] [MainThread]: Acquiring new postgres connection 'master'
[0m19:30:38.720091 [debug] [ThreadPool]: Acquiring new postgres connection 'list_anp_fuel_public'
[0m19:30:38.765524 [debug] [ThreadPool]: Using postgres connection "list_anp_fuel_public"
[0m19:30:38.765913 [debug] [ThreadPool]: On list_anp_fuel_public: /* {"app": "dbt", "dbt_version": "1.12.0", "profile_name": "anp_fuel", "target_name": "dev", "connection_name": "list_anp_fuel_public"} */
select
      'anp_fuel' as database,
      tablename as name,
      schemaname as schema,
      'table' as type
    from pg_tables
    where schemaname ilike 'public'
    union all
    select
      'anp_fuel' as database,
      viewname as name,
      schemaname as schema,
      'view' as type
    from pg_views
    where schemaname ilike 'public'
    union all
    select
      'anp_fuel' as database,
      matviewname as name,
      schemaname as schema,
      'materialized_view' as type
    from pg_matviews
    where schemaname ilike 'public'
    union all
    select distinct
     'anp_fuel' as database,
     proname as name,
     ns.nspname as schema,
     'function' as type
    from pg_proc
     join pg_namespace as ns on pronamespace = ns.oid
    where ns.nspname ilike 'public'
  
[0m19:30:38.766174 [debug] [ThreadPool]: Opening a new connection, currently in state init
[0m19:30:38.815901 [debug] [ThreadPool]: SQL status: SELECT 10 in 0.050 seconds
[0m19:30:38.817063 [debug] [ThreadPool]: On list_anp_fuel_public: ROLLBACK
[0m19:30:38.817487 [debug] [ThreadPool]: On list_anp_fuel_public: Close
[0m19:30:38.821834 [debug] [MainThread]: Using postgres connection "master"
[0m19:30:38.822186 [debug] [MainThread]: On master: /* {"app": "dbt", "dbt_version": "1.12.0", "profile_name": "anp_fuel", "target_name": "dev", "connection_name": "master"} */
select distinct
        dependent_namespace.nspname as dependent_schema,
        dependent_class.relname as dependent_name,
        referenced_namespace.nspname as referenced_schema,
        referenced_class.relname as referenced_name

    -- Query for views: views are entries in pg_class with an entry in pg_rewrite, but we avoid
    -- a seq scan on pg_rewrite by leveraging the fact there is an "internal" row in pg_depend for
    -- the view...
    from pg_class as dependent_class
    join pg_namespace as dependent_namespace on dependent_namespace.oid = dependent_class.relnamespace
    join pg_depend as dependent_depend on dependent_depend.refobjid = dependent_class.oid
        and dependent_depend.classid = 'pg_rewrite'::regclass
        and dependent_depend.refclassid = 'pg_class'::regclass
        and dependent_depend.deptype = 'i'

    -- ... and via pg_depend (that has a row per column, hence the need for "distinct" above, and
    -- making sure to exclude the internal row to avoid a view appearing to depend on itself)...
    join pg_depend as joining_depend on joining_depend.objid = dependent_depend.objid
        and joining_depend.classid = 'pg_rewrite'::regclass
        and joining_depend.refclassid = 'pg_class'::regclass
        and joining_depend.refobjid != dependent_depend.refobjid

    -- ... we can find the tables they query from in pg_class, but excluding system tables. Note we
    -- don't need need to exclude _dependent_ system tables, because they only query from other
    -- system tables, and so are automatically excluded by excluding _referenced_ system tables
    join pg_class as referenced_class on referenced_class.oid = joining_depend.refobjid
    join pg_namespace as referenced_namespace on referenced_namespace.oid = referenced_class.relnamespace
        and referenced_namespace.nspname != 'information_schema'
        and referenced_namespace.nspname not like 'pg\_%'

    order by
        dependent_schema, dependent_name, referenced_schema, referenced_name;
[0m19:30:38.822485 [debug] [MainThread]: Opening a new connection, currently in state init
[0m19:30:38.968677 [debug] [MainThread]: SQL status: SELECT 1 in 0.146 seconds
[0m19:30:38.970011 [debug] [MainThread]: Sending event: {'category': 'dbt', 'action': 'runnable_timing', 'label': '30ec5ce1-2602-4783-834a-5b3925cc2070', 'context': [<snowplow_tracker.self_describing_json.SelfDescribingJson object at 0x0000027D36EA4050>]}
[0m19:30:38.970419 [debug] [MainThread]: On master: ROLLBACK
[0m19:30:38.970927 [debug] [MainThread]: On master: COMMIT
[0m19:30:38.971201 [debug] [MainThread]: Using postgres connection "master"
[0m19:30:38.971415 [debug] [MainThread]: On master: COMMIT
[0m19:30:38.971890 [debug] [MainThread]: SQL status: COMMIT in 0.000 seconds
[0m19:30:38.972135 [debug] [MainThread]: On master: Close
[0m19:30:38.977036 [debug] [Thread-3 (]: Began running node test.anp_fuel.not_null_dim_posto_sk_posto.613507cf43
[0m19:30:38.977783 [debug] [Thread-2 (]: Began running node test.anp_fuel.accepted_values_stg_precos_produto__GASOLINA__GASOLINA_ADITIVADA__ETANOL__DIESEL__DIESEL_S10__GNV.2f04d79999
[0m19:30:38.977470 [info ] [Thread-3 (]: 3 of 18 START test not_null_dim_posto_sk_posto ................................. [RUN]
[0m19:30:38.979212 [debug] [Thread-3 (]: Acquiring new postgres connection 'test.anp_fuel.not_null_dim_posto_sk_posto.613507cf43'
[0m19:30:38.979530 [debug] [Thread-3 (]: Began compiling node test.anp_fuel.not_null_dim_posto_sk_posto.613507cf43
[0m19:30:38.993545 [debug] [Thread-3 (]: Writing injected SQL for node "test.anp_fuel.not_null_dim_posto_sk_posto.613507cf43"
[0m19:30:38.978235 [debug] [Thread-1 (]: Began running node test.anp_fuel.accepted_values_gold_etanol_vs_gasolina_combustivel_vantajoso__ETANOL__GASOLINA.b3bf56149a
[0m19:30:38.978533 [debug] [Thread-4 (]: Began running node test.anp_fuel.not_null_dim_produto_sk_produto.88ed3c03ea
[0m19:30:38.978803 [info ] [Thread-2 (]: 2 of 18 START test accepted_values_stg_precos_produto__GASOLINA__GASOLINA_ADITIVADA__ETANOL__DIESEL__DIESEL_S10__GNV  [RUN]
[0m19:30:38.995041 [debug] [Thread-2 (]: Acquiring new postgres connection 'test.anp_fuel.accepted_values_stg_precos_produto__GASOLINA__GASOLINA_ADITIVADA__ETANOL__DIESEL__DIESEL_S10__GNV.2f04d79999'
[0m19:30:38.995552 [debug] [Thread-2 (]: Began compiling node test.anp_fuel.accepted_values_stg_precos_produto__GASOLINA__GASOLINA_ADITIVADA__ETANOL__DIESEL__DIESEL_S10__GNV.2f04d79999
[0m19:30:39.001827 [debug] [Thread-2 (]: Writing injected SQL for node "test.anp_fuel.accepted_values_stg_precos_produto__GASOLINA__GASOLINA_ADITIVADA__ETANOL__DIESEL__DIESEL_S10__GNV.2f04d79999"
[0m19:30:38.994106 [info ] [Thread-1 (]: 1 of 18 START test accepted_values_gold_etanol_vs_gasolina_combustivel_vantajoso__ETANOL__GASOLINA  [RUN]
[0m19:30:38.994460 [info ] [Thread-4 (]: 4 of 18 START test not_null_dim_produto_sk_produto ............................. [RUN]
[0m19:30:39.002967 [debug] [Thread-4 (]: Acquiring new postgres connection 'test.anp_fuel.not_null_dim_produto_sk_produto.88ed3c03ea'
[0m19:30:39.003256 [debug] [Thread-4 (]: Began compiling node test.anp_fuel.not_null_dim_produto_sk_produto.88ed3c03ea
[0m19:30:39.007672 [debug] [Thread-4 (]: Writing injected SQL for node "test.anp_fuel.not_null_dim_produto_sk_produto.88ed3c03ea"
[0m19:30:39.002537 [debug] [Thread-1 (]: Acquiring new postgres connection 'test.anp_fuel.accepted_values_gold_etanol_vs_gasolina_combustivel_vantajoso__ETANOL__GASOLINA.b3bf56149a'
[0m19:30:39.008509 [debug] [Thread-1 (]: Began compiling node test.anp_fuel.accepted_values_gold_etanol_vs_gasolina_combustivel_vantajoso__ETANOL__GASOLINA.b3bf56149a
[0m19:30:39.013296 [debug] [Thread-1 (]: Writing injected SQL for node "test.anp_fuel.accepted_values_gold_etanol_vs_gasolina_combustivel_vantajoso__ETANOL__GASOLINA.b3bf56149a"
[0m19:30:39.013619 [debug] [Thread-3 (]: Began executing node test.anp_fuel.not_null_dim_posto_sk_posto.613507cf43
[0m19:30:39.008199 [debug] [Thread-2 (]: Began executing node test.anp_fuel.accepted_values_stg_precos_produto__GASOLINA__GASOLINA_ADITIVADA__ETANOL__DIESEL__DIESEL_S10__GNV.2f04d79999
[0m19:30:39.030661 [debug] [Thread-2 (]: Writing runtime sql for node "test.anp_fuel.accepted_values_stg_precos_produto__GASOLINA__GASOLINA_ADITIVADA__ETANOL__DIESEL__DIESEL_S10__GNV.2f04d79999"
[0m19:30:39.031195 [debug] [Thread-4 (]: Began executing node test.anp_fuel.not_null_dim_produto_sk_produto.88ed3c03ea
[0m19:30:39.028266 [debug] [Thread-3 (]: Writing runtime sql for node "test.anp_fuel.not_null_dim_posto_sk_posto.613507cf43"
[0m19:30:39.033121 [debug] [Thread-4 (]: Writing runtime sql for node "test.anp_fuel.not_null_dim_produto_sk_produto.88ed3c03ea"
[0m19:30:39.033858 [debug] [Thread-1 (]: Began executing node test.anp_fuel.accepted_values_gold_etanol_vs_gasolina_combustivel_vantajoso__ETANOL__GASOLINA.b3bf56149a
[0m19:30:39.035387 [debug] [Thread-1 (]: Writing runtime sql for node "test.anp_fuel.accepted_values_gold_etanol_vs_gasolina_combustivel_vantajoso__ETANOL__GASOLINA.b3bf56149a"
[0m19:30:39.035789 [debug] [Thread-2 (]: Using postgres connection "test.anp_fuel.accepted_values_stg_precos_produto__GASOLINA__GASOLINA_ADITIVADA__ETANOL__DIESEL__DIESEL_S10__GNV.2f04d79999"
[0m19:30:39.036367 [debug] [Thread-2 (]: On test.anp_fuel.accepted_values_stg_precos_produto__GASOLINA__GASOLINA_ADITIVADA__ETANOL__DIESEL__DIESEL_S10__GNV.2f04d79999: /* {"app": "dbt", "dbt_version": "1.12.0", "profile_name": "anp_fuel", "target_name": "dev", "node_id": "test.anp_fuel.accepted_values_stg_precos_produto__GASOLINA__GASOLINA_ADITIVADA__ETANOL__DIESEL__DIESEL_S10__GNV.2f04d79999"} */

    
    select
      count(*) as failures,
      count(*) != 0 as should_warn,
      count(*) != 0 as should_error
    from (
      
    
  
    
    

with all_values as (

    select
        produto as value_field,
        count(*) as n_records

    from "anp_fuel"."public"."stg_precos"
    group by produto

)

select *
from all_values
where value_field not in (
    'GASOLINA','GASOLINA ADITIVADA','ETANOL','DIESEL','DIESEL S10','GNV'
)



  
  
      
    ) dbt_internal_test
[0m19:30:39.036780 [debug] [Thread-2 (]: Opening a new connection, currently in state init
[0m19:30:39.037511 [debug] [Thread-1 (]: Using postgres connection "test.anp_fuel.accepted_values_gold_etanol_vs_gasolina_combustivel_vantajoso__ETANOL__GASOLINA.b3bf56149a"
[0m19:30:39.037849 [debug] [Thread-1 (]: On test.anp_fuel.accepted_values_gold_etanol_vs_gasolina_combustivel_vantajoso__ETANOL__GASOLINA.b3bf56149a: /* {"app": "dbt", "dbt_version": "1.12.0", "profile_name": "anp_fuel", "target_name": "dev", "node_id": "test.anp_fuel.accepted_values_gold_etanol_vs_gasolina_combustivel_vantajoso__ETANOL__GASOLINA.b3bf56149a"} */

    
    select
      count(*) as failures,
      count(*) != 0 as should_warn,
      count(*) != 0 as should_error
    from (
      
    
  
    
    

with all_values as (

    select
        combustivel_vantajoso as value_field,
        count(*) as n_records

    from "anp_fuel"."public"."gold_etanol_vs_gasolina"
    group by combustivel_vantajoso

)

select *
from all_values
where value_field not in (
    'ETANOL','GASOLINA'
)



  
  
      
    ) dbt_internal_test
[0m19:30:39.038201 [debug] [Thread-1 (]: Opening a new connection, currently in state init
[0m19:30:39.038681 [debug] [Thread-3 (]: Using postgres connection "test.anp_fuel.not_null_dim_posto_sk_posto.613507cf43"
[0m19:30:39.038973 [debug] [Thread-3 (]: On test.anp_fuel.not_null_dim_posto_sk_posto.613507cf43: /* {"app": "dbt", "dbt_version": "1.12.0", "profile_name": "anp_fuel", "target_name": "dev", "node_id": "test.anp_fuel.not_null_dim_posto_sk_posto.613507cf43"} */

    
    select
      count(*) as failures,
      count(*) != 0 as should_warn,
      count(*) != 0 as should_error
    from (
      
    
  
    
    



select sk_posto
from "anp_fuel"."public"."dim_posto"
where sk_posto is null



  
  
      
    ) dbt_internal_test
[0m19:30:39.039242 [debug] [Thread-3 (]: Opening a new connection, currently in state init
[0m19:30:39.039729 [debug] [Thread-4 (]: Using postgres connection "test.anp_fuel.not_null_dim_produto_sk_produto.88ed3c03ea"
[0m19:30:39.040027 [debug] [Thread-4 (]: On test.anp_fuel.not_null_dim_produto_sk_produto.88ed3c03ea: /* {"app": "dbt", "dbt_version": "1.12.0", "profile_name": "anp_fuel", "target_name": "dev", "node_id": "test.anp_fuel.not_null_dim_produto_sk_produto.88ed3c03ea"} */

    
    select
      count(*) as failures,
      count(*) != 0 as should_warn,
      count(*) != 0 as should_error
    from (
      
    
  
    
    



select sk_produto
from "anp_fuel"."public"."dim_produto"
where sk_produto is null



  
  
      
    ) dbt_internal_test
[0m19:30:39.040292 [debug] [Thread-4 (]: Opening a new connection, currently in state init
[0m19:30:39.089728 [debug] [Thread-1 (]: SQL status: SELECT 1 in 0.051 seconds
[0m19:30:39.094160 [debug] [Thread-1 (]: On test.anp_fuel.accepted_values_gold_etanol_vs_gasolina_combustivel_vantajoso__ETANOL__GASOLINA.b3bf56149a: ROLLBACK
[0m19:30:39.094648 [debug] [Thread-4 (]: SQL status: SELECT 1 in 0.054 seconds
[0m19:30:39.096148 [debug] [Thread-4 (]: On test.anp_fuel.not_null_dim_produto_sk_produto.88ed3c03ea: ROLLBACK
[0m19:30:39.096695 [debug] [Thread-1 (]: On test.anp_fuel.accepted_values_gold_etanol_vs_gasolina_combustivel_vantajoso__ETANOL__GASOLINA.b3bf56149a: Close
[0m19:30:39.097030 [debug] [Thread-4 (]: On test.anp_fuel.not_null_dim_produto_sk_produto.88ed3c03ea: Close
[0m19:30:39.097870 [info ] [Thread-1 (]: 1 of 18 PASS accepted_values_gold_etanol_vs_gasolina_combustivel_vantajoso__ETANOL__GASOLINA  [[32mPASS[0m in 0.10s]
[0m19:30:39.099408 [debug] [Thread-1 (]: Finished running node test.anp_fuel.accepted_values_gold_etanol_vs_gasolina_combustivel_vantajoso__ETANOL__GASOLINA.b3bf56149a
[0m19:30:39.099966 [debug] [Thread-1 (]: Began running node test.anp_fuel.not_null_dim_tempo_sk_tempo.a5f54edc98
[0m19:30:39.098564 [info ] [Thread-4 (]: 4 of 18 PASS not_null_dim_produto_sk_produto ................................... [[32mPASS[0m in 0.10s]
[0m19:30:39.101350 [debug] [Thread-4 (]: Finished running node test.anp_fuel.not_null_dim_produto_sk_produto.88ed3c03ea
[0m19:30:39.101869 [debug] [Thread-4 (]: Began running node test.anp_fuel.not_null_fato_coleta_valor_venda.66f9b1af00
[0m19:30:39.100451 [info ] [Thread-1 (]: 5 of 18 START test not_null_dim_tempo_sk_tempo ................................. [RUN]
[0m19:30:39.103143 [debug] [Thread-1 (]: Re-using an available connection from the pool (formerly test.anp_fuel.accepted_values_gold_etanol_vs_gasolina_combustivel_vantajoso__ETANOL__GASOLINA.b3bf56149a, now test.anp_fuel.not_null_dim_tempo_sk_tempo.a5f54edc98)
[0m19:30:39.103574 [debug] [Thread-1 (]: Began compiling node test.anp_fuel.not_null_dim_tempo_sk_tempo.a5f54edc98
[0m19:30:39.113352 [debug] [Thread-1 (]: Writing injected SQL for node "test.anp_fuel.not_null_dim_tempo_sk_tempo.a5f54edc98"
[0m19:30:39.102580 [info ] [Thread-4 (]: 6 of 18 START test not_null_fato_coleta_valor_venda ............................ [RUN]
[0m19:30:39.114539 [debug] [Thread-4 (]: Re-using an available connection from the pool (formerly test.anp_fuel.not_null_dim_produto_sk_produto.88ed3c03ea, now test.anp_fuel.not_null_fato_coleta_valor_venda.66f9b1af00)
[0m19:30:39.115177 [debug] [Thread-4 (]: Began compiling node test.anp_fuel.not_null_fato_coleta_valor_venda.66f9b1af00
[0m19:30:39.122697 [debug] [Thread-4 (]: Writing injected SQL for node "test.anp_fuel.not_null_fato_coleta_valor_venda.66f9b1af00"
[0m19:30:39.123605 [debug] [Thread-1 (]: Began executing node test.anp_fuel.not_null_dim_tempo_sk_tempo.a5f54edc98
[0m19:30:39.125720 [debug] [Thread-1 (]: Writing runtime sql for node "test.anp_fuel.not_null_dim_tempo_sk_tempo.a5f54edc98"
[0m19:30:39.126284 [debug] [Thread-4 (]: Began executing node test.anp_fuel.not_null_fato_coleta_valor_venda.66f9b1af00
[0m19:30:39.127873 [debug] [Thread-4 (]: Writing runtime sql for node "test.anp_fuel.not_null_fato_coleta_valor_venda.66f9b1af00"
[0m19:30:39.128618 [debug] [Thread-1 (]: Using postgres connection "test.anp_fuel.not_null_dim_tempo_sk_tempo.a5f54edc98"
[0m19:30:39.128973 [debug] [Thread-1 (]: On test.anp_fuel.not_null_dim_tempo_sk_tempo.a5f54edc98: /* {"app": "dbt", "dbt_version": "1.12.0", "profile_name": "anp_fuel", "target_name": "dev", "node_id": "test.anp_fuel.not_null_dim_tempo_sk_tempo.a5f54edc98"} */

    
    select
      count(*) as failures,
      count(*) != 0 as should_warn,
      count(*) != 0 as should_error
    from (
      
    
  
    
    



select sk_tempo
from "anp_fuel"."public"."dim_tempo"
where sk_tempo is null



  
  
      
    ) dbt_internal_test
[0m19:30:39.129312 [debug] [Thread-1 (]: Opening a new connection, currently in state closed
[0m19:30:39.129987 [debug] [Thread-4 (]: Using postgres connection "test.anp_fuel.not_null_fato_coleta_valor_venda.66f9b1af00"
[0m19:30:39.130317 [debug] [Thread-4 (]: On test.anp_fuel.not_null_fato_coleta_valor_venda.66f9b1af00: /* {"app": "dbt", "dbt_version": "1.12.0", "profile_name": "anp_fuel", "target_name": "dev", "node_id": "test.anp_fuel.not_null_fato_coleta_valor_venda.66f9b1af00"} */

    
    select
      count(*) as failures,
      count(*) != 0 as should_warn,
      count(*) != 0 as should_error
    from (
      
    
  
    
    



select valor_venda
from "anp_fuel"."public"."fato_coleta"
where valor_venda is null



  
  
      
    ) dbt_internal_test
[0m19:30:39.130591 [debug] [Thread-4 (]: Opening a new connection, currently in state closed
[0m19:30:39.180068 [debug] [Thread-1 (]: SQL status: SELECT 1 in 0.051 seconds
[0m19:30:39.181394 [debug] [Thread-1 (]: On test.anp_fuel.not_null_dim_tempo_sk_tempo.a5f54edc98: ROLLBACK
[0m19:30:39.181904 [debug] [Thread-1 (]: On test.anp_fuel.not_null_dim_tempo_sk_tempo.a5f54edc98: Close
[0m19:30:39.182561 [info ] [Thread-1 (]: 5 of 18 PASS not_null_dim_tempo_sk_tempo ....................................... [[32mPASS[0m in 0.08s]
[0m19:30:39.183338 [debug] [Thread-1 (]: Finished running node test.anp_fuel.not_null_dim_tempo_sk_tempo.a5f54edc98
[0m19:30:39.183933 [debug] [Thread-1 (]: Began running node test.anp_fuel.not_null_gold_etanol_vs_gasolina_combustivel_vantajoso.cfb6675f25
[0m19:30:39.184619 [info ] [Thread-1 (]: 7 of 18 START test not_null_gold_etanol_vs_gasolina_combustivel_vantajoso ...... [RUN]
[0m19:30:39.185505 [debug] [Thread-1 (]: Re-using an available connection from the pool (formerly test.anp_fuel.not_null_dim_tempo_sk_tempo.a5f54edc98, now test.anp_fuel.not_null_gold_etanol_vs_gasolina_combustivel_vantajoso.cfb6675f25)
[0m19:30:39.185855 [debug] [Thread-1 (]: Began compiling node test.anp_fuel.not_null_gold_etanol_vs_gasolina_combustivel_vantajoso.cfb6675f25
[0m19:30:39.201483 [debug] [Thread-1 (]: Writing injected SQL for node "test.anp_fuel.not_null_gold_etanol_vs_gasolina_combustivel_vantajoso.cfb6675f25"
[0m19:30:39.202310 [debug] [Thread-1 (]: Began executing node test.anp_fuel.not_null_gold_etanol_vs_gasolina_combustivel_vantajoso.cfb6675f25
[0m19:30:39.203854 [debug] [Thread-1 (]: Writing runtime sql for node "test.anp_fuel.not_null_gold_etanol_vs_gasolina_combustivel_vantajoso.cfb6675f25"
[0m19:30:39.204797 [debug] [Thread-1 (]: Using postgres connection "test.anp_fuel.not_null_gold_etanol_vs_gasolina_combustivel_vantajoso.cfb6675f25"
[0m19:30:39.205218 [debug] [Thread-1 (]: On test.anp_fuel.not_null_gold_etanol_vs_gasolina_combustivel_vantajoso.cfb6675f25: /* {"app": "dbt", "dbt_version": "1.12.0", "profile_name": "anp_fuel", "target_name": "dev", "node_id": "test.anp_fuel.not_null_gold_etanol_vs_gasolina_combustivel_vantajoso.cfb6675f25"} */

    
    select
      count(*) as failures,
      count(*) != 0 as should_warn,
      count(*) != 0 as should_error
    from (
      
    
  
    
    



select combustivel_vantajoso
from "anp_fuel"."public"."gold_etanol_vs_gasolina"
where combustivel_vantajoso is null



  
  
      
    ) dbt_internal_test
[0m19:30:39.205547 [debug] [Thread-1 (]: Opening a new connection, currently in state closed
[0m19:30:39.230061 [debug] [Thread-3 (]: SQL status: SELECT 1 in 0.191 seconds
[0m19:30:39.231821 [debug] [Thread-3 (]: On test.anp_fuel.not_null_dim_posto_sk_posto.613507cf43: ROLLBACK
[0m19:30:39.232418 [debug] [Thread-3 (]: On test.anp_fuel.not_null_dim_posto_sk_posto.613507cf43: Close
[0m19:30:39.233119 [info ] [Thread-3 (]: 3 of 18 PASS not_null_dim_posto_sk_posto ....................................... [[32mPASS[0m in 0.25s]
[0m19:30:39.233766 [debug] [Thread-3 (]: Finished running node test.anp_fuel.not_null_dim_posto_sk_posto.613507cf43
[0m19:30:39.234103 [debug] [Thread-3 (]: Began running node test.anp_fuel.not_null_gold_preco_mensal_uf_preco_medio.a5219cbe6b
[0m19:30:39.234460 [info ] [Thread-3 (]: 8 of 18 START test not_null_gold_preco_mensal_uf_preco_medio ................... [RUN]
[0m19:30:39.235035 [debug] [Thread-3 (]: Re-using an available connection from the pool (formerly test.anp_fuel.not_null_dim_posto_sk_posto.613507cf43, now test.anp_fuel.not_null_gold_preco_mensal_uf_preco_medio.a5219cbe6b)
[0m19:30:39.235343 [debug] [Thread-3 (]: Began compiling node test.anp_fuel.not_null_gold_preco_mensal_uf_preco_medio.a5219cbe6b
[0m19:30:39.240721 [debug] [Thread-3 (]: Writing injected SQL for node "test.anp_fuel.not_null_gold_preco_mensal_uf_preco_medio.a5219cbe6b"
[0m19:30:39.241561 [debug] [Thread-3 (]: Began executing node test.anp_fuel.not_null_gold_preco_mensal_uf_preco_medio.a5219cbe6b
[0m19:30:39.243176 [debug] [Thread-3 (]: Writing runtime sql for node "test.anp_fuel.not_null_gold_preco_mensal_uf_preco_medio.a5219cbe6b"
[0m19:30:39.243813 [debug] [Thread-3 (]: Using postgres connection "test.anp_fuel.not_null_gold_preco_mensal_uf_preco_medio.a5219cbe6b"
[0m19:30:39.244160 [debug] [Thread-3 (]: On test.anp_fuel.not_null_gold_preco_mensal_uf_preco_medio.a5219cbe6b: /* {"app": "dbt", "dbt_version": "1.12.0", "profile_name": "anp_fuel", "target_name": "dev", "node_id": "test.anp_fuel.not_null_gold_preco_mensal_uf_preco_medio.a5219cbe6b"} */

    
    select
      count(*) as failures,
      count(*) != 0 as should_warn,
      count(*) != 0 as should_error
    from (
      
    
  
    
    



select preco_medio
from "anp_fuel"."public"."gold_preco_mensal_uf"
where preco_medio is null



  
  
      
    ) dbt_internal_test
[0m19:30:39.244526 [debug] [Thread-3 (]: Opening a new connection, currently in state closed
[0m19:30:39.251694 [debug] [Thread-1 (]: SQL status: SELECT 1 in 0.046 seconds
[0m19:30:39.254028 [debug] [Thread-1 (]: On test.anp_fuel.not_null_gold_etanol_vs_gasolina_combustivel_vantajoso.cfb6675f25: ROLLBACK
[0m19:30:39.255336 [debug] [Thread-1 (]: On test.anp_fuel.not_null_gold_etanol_vs_gasolina_combustivel_vantajoso.cfb6675f25: Close
[0m19:30:39.257384 [info ] [Thread-1 (]: 7 of 18 PASS not_null_gold_etanol_vs_gasolina_combustivel_vantajoso ............ [[32mPASS[0m in 0.07s]
[0m19:30:39.258552 [debug] [Thread-1 (]: Finished running node test.anp_fuel.not_null_gold_etanol_vs_gasolina_combustivel_vantajoso.cfb6675f25
[0m19:30:39.259093 [debug] [Thread-1 (]: Began running node test.anp_fuel.not_null_gold_variacao_mensal_preco_medio.81b40edf2b
[0m19:30:39.259678 [info ] [Thread-1 (]: 9 of 18 START test not_null_gold_variacao_mensal_preco_medio ................... [RUN]
[0m19:30:39.260627 [debug] [Thread-1 (]: Re-using an available connection from the pool (formerly test.anp_fuel.not_null_gold_etanol_vs_gasolina_combustivel_vantajoso.cfb6675f25, now test.anp_fuel.not_null_gold_variacao_mensal_preco_medio.81b40edf2b)
[0m19:30:39.261219 [debug] [Thread-1 (]: Began compiling node test.anp_fuel.not_null_gold_variacao_mensal_preco_medio.81b40edf2b
[0m19:30:39.272087 [debug] [Thread-1 (]: Writing injected SQL for node "test.anp_fuel.not_null_gold_variacao_mensal_preco_medio.81b40edf2b"
[0m19:30:39.272895 [debug] [Thread-1 (]: Began executing node test.anp_fuel.not_null_gold_variacao_mensal_preco_medio.81b40edf2b
[0m19:30:39.274811 [debug] [Thread-1 (]: Writing runtime sql for node "test.anp_fuel.not_null_gold_variacao_mensal_preco_medio.81b40edf2b"
[0m19:30:39.276169 [debug] [Thread-1 (]: Using postgres connection "test.anp_fuel.not_null_gold_variacao_mensal_preco_medio.81b40edf2b"
[0m19:30:39.276550 [debug] [Thread-1 (]: On test.anp_fuel.not_null_gold_variacao_mensal_preco_medio.81b40edf2b: /* {"app": "dbt", "dbt_version": "1.12.0", "profile_name": "anp_fuel", "target_name": "dev", "node_id": "test.anp_fuel.not_null_gold_variacao_mensal_preco_medio.81b40edf2b"} */

    
    select
      count(*) as failures,
      count(*) != 0 as should_warn,
      count(*) != 0 as should_error
    from (
      
    
  
    
    



select preco_medio
from "anp_fuel"."public"."gold_variacao_mensal"
where preco_medio is null



  
  
      
    ) dbt_internal_test
[0m19:30:39.276853 [debug] [Thread-1 (]: Opening a new connection, currently in state closed
[0m19:30:39.296380 [debug] [Thread-3 (]: SQL status: SELECT 1 in 0.052 seconds
[0m19:30:39.297707 [debug] [Thread-3 (]: On test.anp_fuel.not_null_gold_preco_mensal_uf_preco_medio.a5219cbe6b: ROLLBACK
[0m19:30:39.298205 [debug] [Thread-3 (]: On test.anp_fuel.not_null_gold_preco_mensal_uf_preco_medio.a5219cbe6b: Close
[0m19:30:39.298912 [info ] [Thread-3 (]: 8 of 18 PASS not_null_gold_preco_mensal_uf_preco_medio ......................... [[32mPASS[0m in 0.06s]
[0m19:30:39.299614 [debug] [Thread-3 (]: Finished running node test.anp_fuel.not_null_gold_preco_mensal_uf_preco_medio.a5219cbe6b
[0m19:30:39.299982 [debug] [Thread-3 (]: Began running node test.anp_fuel.not_null_stg_precos_produto.0e50f38ba6
[0m19:30:39.300360 [info ] [Thread-3 (]: 10 of 18 START test not_null_stg_precos_produto ................................ [RUN]
[0m19:30:39.300967 [debug] [Thread-3 (]: Re-using an available connection from the pool (formerly test.anp_fuel.not_null_gold_preco_mensal_uf_preco_medio.a5219cbe6b, now test.anp_fuel.not_null_stg_precos_produto.0e50f38ba6)
[0m19:30:39.301313 [debug] [Thread-3 (]: Began compiling node test.anp_fuel.not_null_stg_precos_produto.0e50f38ba6
[0m19:30:39.306867 [debug] [Thread-3 (]: Writing injected SQL for node "test.anp_fuel.not_null_stg_precos_produto.0e50f38ba6"
[0m19:30:39.307620 [debug] [Thread-3 (]: Began executing node test.anp_fuel.not_null_stg_precos_produto.0e50f38ba6
[0m19:30:39.310116 [debug] [Thread-3 (]: Writing runtime sql for node "test.anp_fuel.not_null_stg_precos_produto.0e50f38ba6"
[0m19:30:39.311208 [debug] [Thread-3 (]: Using postgres connection "test.anp_fuel.not_null_stg_precos_produto.0e50f38ba6"
[0m19:30:39.311649 [debug] [Thread-3 (]: On test.anp_fuel.not_null_stg_precos_produto.0e50f38ba6: /* {"app": "dbt", "dbt_version": "1.12.0", "profile_name": "anp_fuel", "target_name": "dev", "node_id": "test.anp_fuel.not_null_stg_precos_produto.0e50f38ba6"} */

    
    select
      count(*) as failures,
      count(*) != 0 as should_warn,
      count(*) != 0 as should_error
    from (
      
    
  
    
    



select produto
from "anp_fuel"."public"."stg_precos"
where produto is null



  
  
      
    ) dbt_internal_test
[0m19:30:39.312052 [debug] [Thread-3 (]: Opening a new connection, currently in state closed
[0m19:30:39.324279 [debug] [Thread-1 (]: SQL status: SELECT 1 in 0.047 seconds
[0m19:30:39.325792 [debug] [Thread-1 (]: On test.anp_fuel.not_null_gold_variacao_mensal_preco_medio.81b40edf2b: ROLLBACK
[0m19:30:39.326412 [debug] [Thread-1 (]: On test.anp_fuel.not_null_gold_variacao_mensal_preco_medio.81b40edf2b: Close
[0m19:30:39.327221 [info ] [Thread-1 (]: 9 of 18 PASS not_null_gold_variacao_mensal_preco_medio ......................... [[32mPASS[0m in 0.07s]
[0m19:30:39.328203 [debug] [Thread-1 (]: Finished running node test.anp_fuel.not_null_gold_variacao_mensal_preco_medio.81b40edf2b
[0m19:30:39.328682 [debug] [Thread-1 (]: Began running node test.anp_fuel.not_null_stg_precos_uf.7d9bba4b13
[0m19:30:39.329272 [info ] [Thread-1 (]: 11 of 18 START test not_null_stg_precos_uf ..................................... [RUN]
[0m19:30:39.330294 [debug] [Thread-1 (]: Re-using an available connection from the pool (formerly test.anp_fuel.not_null_gold_variacao_mensal_preco_medio.81b40edf2b, now test.anp_fuel.not_null_stg_precos_uf.7d9bba4b13)
[0m19:30:39.330841 [debug] [Thread-1 (]: Began compiling node test.anp_fuel.not_null_stg_precos_uf.7d9bba4b13
[0m19:30:39.340897 [debug] [Thread-1 (]: Writing injected SQL for node "test.anp_fuel.not_null_stg_precos_uf.7d9bba4b13"
[0m19:30:39.341780 [debug] [Thread-1 (]: Began executing node test.anp_fuel.not_null_stg_precos_uf.7d9bba4b13
[0m19:30:39.343460 [debug] [Thread-1 (]: Writing runtime sql for node "test.anp_fuel.not_null_stg_precos_uf.7d9bba4b13"
[0m19:30:39.344360 [debug] [Thread-1 (]: Using postgres connection "test.anp_fuel.not_null_stg_precos_uf.7d9bba4b13"
[0m19:30:39.344840 [debug] [Thread-1 (]: On test.anp_fuel.not_null_stg_precos_uf.7d9bba4b13: /* {"app": "dbt", "dbt_version": "1.12.0", "profile_name": "anp_fuel", "target_name": "dev", "node_id": "test.anp_fuel.not_null_stg_precos_uf.7d9bba4b13"} */

    
    select
      count(*) as failures,
      count(*) != 0 as should_warn,
      count(*) != 0 as should_error
    from (
      
    
  
    
    



select uf
from "anp_fuel"."public"."stg_precos"
where uf is null



  
  
      
    ) dbt_internal_test
[0m19:30:39.345128 [debug] [Thread-1 (]: Opening a new connection, currently in state closed
[0m19:30:40.159081 [debug] [Thread-4 (]: SQL status: SELECT 1 in 1.028 seconds
[0m19:30:40.160670 [debug] [Thread-4 (]: On test.anp_fuel.not_null_fato_coleta_valor_venda.66f9b1af00: ROLLBACK
[0m19:30:40.161323 [debug] [Thread-2 (]: SQL status: SELECT 1 in 1.124 seconds
[0m19:30:40.163067 [debug] [Thread-2 (]: On test.anp_fuel.accepted_values_stg_precos_produto__GASOLINA__GASOLINA_ADITIVADA__ETANOL__DIESEL__DIESEL_S10__GNV.2f04d79999: ROLLBACK
[0m19:30:40.161789 [debug] [Thread-4 (]: On test.anp_fuel.not_null_fato_coleta_valor_venda.66f9b1af00: Close
[0m19:30:40.164112 [debug] [Thread-2 (]: On test.anp_fuel.accepted_values_stg_precos_produto__GASOLINA__GASOLINA_ADITIVADA__ETANOL__DIESEL__DIESEL_S10__GNV.2f04d79999: Close
[0m19:30:40.163795 [info ] [Thread-4 (]: 6 of 18 PASS not_null_fato_coleta_valor_venda .................................. [[32mPASS[0m in 1.05s]
[0m19:30:40.164899 [debug] [Thread-4 (]: Finished running node test.anp_fuel.not_null_fato_coleta_valor_venda.66f9b1af00
[0m19:30:40.165848 [debug] [Thread-4 (]: Began running node test.anp_fuel.not_null_stg_precos_valor_venda.a79f0a5abd
[0m19:30:40.165447 [info ] [Thread-2 (]: 2 of 18 PASS accepted_values_stg_precos_produto__GASOLINA__GASOLINA_ADITIVADA__ETANOL__DIESEL__DIESEL_S10__GNV  [[32mPASS[0m in 1.17s]
[0m19:30:40.166967 [debug] [Thread-2 (]: Finished running node test.anp_fuel.accepted_values_stg_precos_produto__GASOLINA__GASOLINA_ADITIVADA__ETANOL__DIESEL__DIESEL_S10__GNV.2f04d79999
[0m19:30:40.167597 [debug] [Thread-2 (]: Began running node test.anp_fuel.relationships_fato_coleta_sk_posto__sk_posto__ref_dim_posto_.499ab3be87
[0m19:30:40.166467 [info ] [Thread-4 (]: 12 of 18 START test not_null_stg_precos_valor_venda ............................ [RUN]
[0m19:30:40.168489 [debug] [Thread-4 (]: Re-using an available connection from the pool (formerly test.anp_fuel.not_null_fato_coleta_valor_venda.66f9b1af00, now test.anp_fuel.not_null_stg_precos_valor_venda.a79f0a5abd)
[0m19:30:40.168963 [debug] [Thread-4 (]: Began compiling node test.anp_fuel.not_null_stg_precos_valor_venda.a79f0a5abd
[0m19:30:40.175535 [debug] [Thread-4 (]: Writing injected SQL for node "test.anp_fuel.not_null_stg_precos_valor_venda.a79f0a5abd"
[0m19:30:40.168043 [info ] [Thread-2 (]: 13 of 18 START test relationships_fato_coleta_sk_posto__sk_posto__ref_dim_posto_  [RUN]
[0m19:30:40.176147 [debug] [Thread-2 (]: Re-using an available connection from the pool (formerly test.anp_fuel.accepted_values_stg_precos_produto__GASOLINA__GASOLINA_ADITIVADA__ETANOL__DIESEL__DIESEL_S10__GNV.2f04d79999, now test.anp_fuel.relationships_fato_coleta_sk_posto__sk_posto__ref_dim_posto_.499ab3be87)
[0m19:30:40.176615 [debug] [Thread-2 (]: Began compiling node test.anp_fuel.relationships_fato_coleta_sk_posto__sk_posto__ref_dim_posto_.499ab3be87
[0m19:30:40.191488 [debug] [Thread-2 (]: Writing injected SQL for node "test.anp_fuel.relationships_fato_coleta_sk_posto__sk_posto__ref_dim_posto_.499ab3be87"
[0m19:30:40.192243 [debug] [Thread-4 (]: Began executing node test.anp_fuel.not_null_stg_precos_valor_venda.a79f0a5abd
[0m19:30:40.194093 [debug] [Thread-4 (]: Writing runtime sql for node "test.anp_fuel.not_null_stg_precos_valor_venda.a79f0a5abd"
[0m19:30:40.194707 [debug] [Thread-2 (]: Began executing node test.anp_fuel.relationships_fato_coleta_sk_posto__sk_posto__ref_dim_posto_.499ab3be87
[0m19:30:40.196156 [debug] [Thread-2 (]: Writing runtime sql for node "test.anp_fuel.relationships_fato_coleta_sk_posto__sk_posto__ref_dim_posto_.499ab3be87"
[0m19:30:40.196752 [debug] [Thread-4 (]: Using postgres connection "test.anp_fuel.not_null_stg_precos_valor_venda.a79f0a5abd"
[0m19:30:40.197188 [debug] [Thread-4 (]: On test.anp_fuel.not_null_stg_precos_valor_venda.a79f0a5abd: /* {"app": "dbt", "dbt_version": "1.12.0", "profile_name": "anp_fuel", "target_name": "dev", "node_id": "test.anp_fuel.not_null_stg_precos_valor_venda.a79f0a5abd"} */

    
    select
      count(*) as failures,
      count(*) != 0 as should_warn,
      count(*) != 0 as should_error
    from (
      
    
  
    
    



select valor_venda
from "anp_fuel"."public"."stg_precos"
where valor_venda is null



  
  
      
    ) dbt_internal_test
[0m19:30:40.197523 [debug] [Thread-4 (]: Opening a new connection, currently in state closed
[0m19:30:40.198072 [debug] [Thread-2 (]: Using postgres connection "test.anp_fuel.relationships_fato_coleta_sk_posto__sk_posto__ref_dim_posto_.499ab3be87"
[0m19:30:40.198390 [debug] [Thread-2 (]: On test.anp_fuel.relationships_fato_coleta_sk_posto__sk_posto__ref_dim_posto_.499ab3be87: /* {"app": "dbt", "dbt_version": "1.12.0", "profile_name": "anp_fuel", "target_name": "dev", "node_id": "test.anp_fuel.relationships_fato_coleta_sk_posto__sk_posto__ref_dim_posto_.499ab3be87"} */

    
    select
      count(*) as failures,
      count(*) != 0 as should_warn,
      count(*) != 0 as should_error
    from (
      
    
  
    
    

with child as (
    select sk_posto as from_field
    from "anp_fuel"."public"."fato_coleta"
    where sk_posto is not null
),

parent as (
    select sk_posto as to_field
    from "anp_fuel"."public"."dim_posto"
)

select
    from_field

from child
left join parent
    on child.from_field = parent.to_field

where parent.to_field is null



  
  
      
    ) dbt_internal_test
[0m19:30:40.198696 [debug] [Thread-2 (]: Opening a new connection, currently in state closed
[0m19:30:40.302044 [debug] [Thread-3 (]: SQL status: SELECT 1 in 0.990 seconds
[0m19:30:40.303350 [debug] [Thread-3 (]: On test.anp_fuel.not_null_stg_precos_produto.0e50f38ba6: ROLLBACK
[0m19:30:40.303886 [debug] [Thread-3 (]: On test.anp_fuel.not_null_stg_precos_produto.0e50f38ba6: Close
[0m19:30:40.304526 [info ] [Thread-3 (]: 10 of 18 PASS not_null_stg_precos_produto ...................................... [[32mPASS[0m in 1.00s]
[0m19:30:40.305193 [debug] [Thread-3 (]: Finished running node test.anp_fuel.not_null_stg_precos_produto.0e50f38ba6
[0m19:30:40.305519 [debug] [Thread-3 (]: Began running node test.anp_fuel.relationships_fato_coleta_sk_produto__sk_produto__ref_dim_produto_.0f3be5f1f3
[0m19:30:40.305882 [info ] [Thread-3 (]: 14 of 18 START test relationships_fato_coleta_sk_produto__sk_produto__ref_dim_produto_  [RUN]
[0m19:30:40.306410 [debug] [Thread-3 (]: Re-using an available connection from the pool (formerly test.anp_fuel.not_null_stg_precos_produto.0e50f38ba6, now test.anp_fuel.relationships_fato_coleta_sk_produto__sk_produto__ref_dim_produto_.0f3be5f1f3)
[0m19:30:40.306727 [debug] [Thread-3 (]: Began compiling node test.anp_fuel.relationships_fato_coleta_sk_produto__sk_produto__ref_dim_produto_.0f3be5f1f3
[0m19:30:40.317856 [debug] [Thread-3 (]: Writing injected SQL for node "test.anp_fuel.relationships_fato_coleta_sk_produto__sk_produto__ref_dim_produto_.0f3be5f1f3"
[0m19:30:40.319033 [debug] [Thread-3 (]: Began executing node test.anp_fuel.relationships_fato_coleta_sk_produto__sk_produto__ref_dim_produto_.0f3be5f1f3
[0m19:30:40.320623 [debug] [Thread-3 (]: Writing runtime sql for node "test.anp_fuel.relationships_fato_coleta_sk_produto__sk_produto__ref_dim_produto_.0f3be5f1f3"
[0m19:30:40.321412 [debug] [Thread-3 (]: Using postgres connection "test.anp_fuel.relationships_fato_coleta_sk_produto__sk_produto__ref_dim_produto_.0f3be5f1f3"
[0m19:30:40.321762 [debug] [Thread-3 (]: On test.anp_fuel.relationships_fato_coleta_sk_produto__sk_produto__ref_dim_produto_.0f3be5f1f3: /* {"app": "dbt", "dbt_version": "1.12.0", "profile_name": "anp_fuel", "target_name": "dev", "node_id": "test.anp_fuel.relationships_fato_coleta_sk_produto__sk_produto__ref_dim_produto_.0f3be5f1f3"} */

    
    select
      count(*) as failures,
      count(*) != 0 as should_warn,
      count(*) != 0 as should_error
    from (
      
    
  
    
    

with child as (
    select sk_produto as from_field
    from "anp_fuel"."public"."fato_coleta"
    where sk_produto is not null
),

parent as (
    select sk_produto as to_field
    from "anp_fuel"."public"."dim_produto"
)

select
    from_field

from child
left join parent
    on child.from_field = parent.to_field

where parent.to_field is null



  
  
      
    ) dbt_internal_test
[0m19:30:40.322253 [debug] [Thread-3 (]: Opening a new connection, currently in state closed
[0m19:30:40.415940 [debug] [Thread-1 (]: SQL status: SELECT 1 in 1.071 seconds
[0m19:30:40.417423 [debug] [Thread-1 (]: On test.anp_fuel.not_null_stg_precos_uf.7d9bba4b13: ROLLBACK
[0m19:30:40.417993 [debug] [Thread-1 (]: On test.anp_fuel.not_null_stg_precos_uf.7d9bba4b13: Close
[0m19:30:40.418577 [info ] [Thread-1 (]: 11 of 18 PASS not_null_stg_precos_uf ........................................... [[32mPASS[0m in 1.09s]
[0m19:30:40.419504 [debug] [Thread-1 (]: Finished running node test.anp_fuel.not_null_stg_precos_uf.7d9bba4b13
[0m19:30:40.420046 [debug] [Thread-1 (]: Began running node test.anp_fuel.relationships_fato_coleta_sk_tempo__sk_tempo__ref_dim_tempo_.18aa8f3a2c
[0m19:30:40.420615 [info ] [Thread-1 (]: 15 of 18 START test relationships_fato_coleta_sk_tempo__sk_tempo__ref_dim_tempo_  [RUN]
[0m19:30:40.421346 [debug] [Thread-1 (]: Re-using an available connection from the pool (formerly test.anp_fuel.not_null_stg_precos_uf.7d9bba4b13, now test.anp_fuel.relationships_fato_coleta_sk_tempo__sk_tempo__ref_dim_tempo_.18aa8f3a2c)
[0m19:30:40.421741 [debug] [Thread-1 (]: Began compiling node test.anp_fuel.relationships_fato_coleta_sk_tempo__sk_tempo__ref_dim_tempo_.18aa8f3a2c
[0m19:30:40.438433 [debug] [Thread-1 (]: Writing injected SQL for node "test.anp_fuel.relationships_fato_coleta_sk_tempo__sk_tempo__ref_dim_tempo_.18aa8f3a2c"
[0m19:30:40.439507 [debug] [Thread-1 (]: Began executing node test.anp_fuel.relationships_fato_coleta_sk_tempo__sk_tempo__ref_dim_tempo_.18aa8f3a2c
[0m19:30:40.441923 [debug] [Thread-1 (]: Writing runtime sql for node "test.anp_fuel.relationships_fato_coleta_sk_tempo__sk_tempo__ref_dim_tempo_.18aa8f3a2c"
[0m19:30:40.443259 [debug] [Thread-1 (]: Using postgres connection "test.anp_fuel.relationships_fato_coleta_sk_tempo__sk_tempo__ref_dim_tempo_.18aa8f3a2c"
[0m19:30:40.443780 [debug] [Thread-1 (]: On test.anp_fuel.relationships_fato_coleta_sk_tempo__sk_tempo__ref_dim_tempo_.18aa8f3a2c: /* {"app": "dbt", "dbt_version": "1.12.0", "profile_name": "anp_fuel", "target_name": "dev", "node_id": "test.anp_fuel.relationships_fato_coleta_sk_tempo__sk_tempo__ref_dim_tempo_.18aa8f3a2c"} */

    
    select
      count(*) as failures,
      count(*) != 0 as should_warn,
      count(*) != 0 as should_error
    from (
      
    
  
    
    

with child as (
    select sk_tempo as from_field
    from "anp_fuel"."public"."fato_coleta"
    where sk_tempo is not null
),

parent as (
    select sk_tempo as to_field
    from "anp_fuel"."public"."dim_tempo"
)

select
    from_field

from child
left join parent
    on child.from_field = parent.to_field

where parent.to_field is null



  
  
      
    ) dbt_internal_test
[0m19:30:40.444085 [debug] [Thread-1 (]: Opening a new connection, currently in state closed
[0m19:30:40.636538 [debug] [Thread-2 (]: SQL status: SELECT 1 in 0.438 seconds
[0m19:30:40.637846 [debug] [Thread-2 (]: On test.anp_fuel.relationships_fato_coleta_sk_posto__sk_posto__ref_dim_posto_.499ab3be87: ROLLBACK
[0m19:30:40.638434 [debug] [Thread-2 (]: On test.anp_fuel.relationships_fato_coleta_sk_posto__sk_posto__ref_dim_posto_.499ab3be87: Close
[0m19:30:40.639071 [info ] [Thread-2 (]: 13 of 18 PASS relationships_fato_coleta_sk_posto__sk_posto__ref_dim_posto_ ..... [[32mPASS[0m in 0.46s]
[0m19:30:40.639715 [debug] [Thread-2 (]: Finished running node test.anp_fuel.relationships_fato_coleta_sk_posto__sk_posto__ref_dim_posto_.499ab3be87
[0m19:30:40.640033 [debug] [Thread-2 (]: Began running node test.anp_fuel.unique_dim_posto_sk_posto.b253860275
[0m19:30:40.640396 [info ] [Thread-2 (]: 16 of 18 START test unique_dim_posto_sk_posto .................................. [RUN]
[0m19:30:40.640917 [debug] [Thread-2 (]: Re-using an available connection from the pool (formerly test.anp_fuel.relationships_fato_coleta_sk_posto__sk_posto__ref_dim_posto_.499ab3be87, now test.anp_fuel.unique_dim_posto_sk_posto.b253860275)
[0m19:30:40.641216 [debug] [Thread-2 (]: Began compiling node test.anp_fuel.unique_dim_posto_sk_posto.b253860275
[0m19:30:40.650750 [debug] [Thread-2 (]: Writing injected SQL for node "test.anp_fuel.unique_dim_posto_sk_posto.b253860275"
[0m19:30:40.652103 [debug] [Thread-2 (]: Began executing node test.anp_fuel.unique_dim_posto_sk_posto.b253860275
[0m19:30:40.654755 [debug] [Thread-2 (]: Writing runtime sql for node "test.anp_fuel.unique_dim_posto_sk_posto.b253860275"
[0m19:30:40.657244 [debug] [Thread-2 (]: Using postgres connection "test.anp_fuel.unique_dim_posto_sk_posto.b253860275"
[0m19:30:40.658130 [debug] [Thread-2 (]: On test.anp_fuel.unique_dim_posto_sk_posto.b253860275: /* {"app": "dbt", "dbt_version": "1.12.0", "profile_name": "anp_fuel", "target_name": "dev", "node_id": "test.anp_fuel.unique_dim_posto_sk_posto.b253860275"} */

    
    select
      count(*) as failures,
      count(*) != 0 as should_warn,
      count(*) != 0 as should_error
    from (
      
    
  
    
    

select
    sk_posto as unique_field,
    count(*) as n_records

from "anp_fuel"."public"."dim_posto"
where sk_posto is not null
group by sk_posto
having count(*) > 1



  
  
      
    ) dbt_internal_test
[0m19:30:40.658722 [debug] [Thread-2 (]: Opening a new connection, currently in state closed
[0m19:30:40.686607 [debug] [Thread-4 (]: SQL status: SELECT 1 in 0.489 seconds
[0m19:30:40.688368 [debug] [Thread-4 (]: On test.anp_fuel.not_null_stg_precos_valor_venda.a79f0a5abd: ROLLBACK
[0m19:30:40.689137 [debug] [Thread-4 (]: On test.anp_fuel.not_null_stg_precos_valor_venda.a79f0a5abd: Close
[0m19:30:40.690086 [info ] [Thread-4 (]: 12 of 18 PASS not_null_stg_precos_valor_venda .................................. [[32mPASS[0m in 0.52s]
[0m19:30:40.691681 [debug] [Thread-4 (]: Finished running node test.anp_fuel.not_null_stg_precos_valor_venda.a79f0a5abd
[0m19:30:40.692277 [debug] [Thread-4 (]: Began running node test.anp_fuel.unique_dim_produto_sk_produto.51f0cbc5ae
[0m19:30:40.692860 [info ] [Thread-4 (]: 17 of 18 START test unique_dim_produto_sk_produto .............................. [RUN]
[0m19:30:40.693824 [debug] [Thread-4 (]: Re-using an available connection from the pool (formerly test.anp_fuel.not_null_stg_precos_valor_venda.a79f0a5abd, now test.anp_fuel.unique_dim_produto_sk_produto.51f0cbc5ae)
[0m19:30:40.694307 [debug] [Thread-4 (]: Began compiling node test.anp_fuel.unique_dim_produto_sk_produto.51f0cbc5ae
[0m19:30:40.703183 [debug] [Thread-4 (]: Writing injected SQL for node "test.anp_fuel.unique_dim_produto_sk_produto.51f0cbc5ae"
[0m19:30:40.704385 [debug] [Thread-4 (]: Began executing node test.anp_fuel.unique_dim_produto_sk_produto.51f0cbc5ae
[0m19:30:40.705963 [debug] [Thread-4 (]: Writing runtime sql for node "test.anp_fuel.unique_dim_produto_sk_produto.51f0cbc5ae"
[0m19:30:40.706999 [debug] [Thread-4 (]: Using postgres connection "test.anp_fuel.unique_dim_produto_sk_produto.51f0cbc5ae"
[0m19:30:40.707493 [debug] [Thread-4 (]: On test.anp_fuel.unique_dim_produto_sk_produto.51f0cbc5ae: /* {"app": "dbt", "dbt_version": "1.12.0", "profile_name": "anp_fuel", "target_name": "dev", "node_id": "test.anp_fuel.unique_dim_produto_sk_produto.51f0cbc5ae"} */

    
    select
      count(*) as failures,
      count(*) != 0 as should_warn,
      count(*) != 0 as should_error
    from (
      
    
  
    
    

select
    sk_produto as unique_field,
    count(*) as n_records

from "anp_fuel"."public"."dim_produto"
where sk_produto is not null
group by sk_produto
having count(*) > 1



  
  
      
    ) dbt_internal_test
[0m19:30:40.707995 [debug] [Thread-4 (]: Opening a new connection, currently in state closed
[0m19:30:40.720266 [debug] [Thread-2 (]: SQL status: SELECT 1 in 0.061 seconds
[0m19:30:40.723229 [debug] [Thread-2 (]: On test.anp_fuel.unique_dim_posto_sk_posto.b253860275: ROLLBACK
[0m19:30:40.724175 [debug] [Thread-2 (]: On test.anp_fuel.unique_dim_posto_sk_posto.b253860275: Close
[0m19:30:40.725263 [info ] [Thread-2 (]: 16 of 18 PASS unique_dim_posto_sk_posto ........................................ [[32mPASS[0m in 0.08s]
[0m19:30:40.726308 [debug] [Thread-2 (]: Finished running node test.anp_fuel.unique_dim_posto_sk_posto.b253860275
[0m19:30:40.726877 [debug] [Thread-2 (]: Began running node test.anp_fuel.unique_dim_tempo_sk_tempo.2def1c13e3
[0m19:30:40.727449 [info ] [Thread-2 (]: 18 of 18 START test unique_dim_tempo_sk_tempo .................................. [RUN]
[0m19:30:40.728255 [debug] [Thread-2 (]: Re-using an available connection from the pool (formerly test.anp_fuel.unique_dim_posto_sk_posto.b253860275, now test.anp_fuel.unique_dim_tempo_sk_tempo.2def1c13e3)
[0m19:30:40.728756 [debug] [Thread-2 (]: Began compiling node test.anp_fuel.unique_dim_tempo_sk_tempo.2def1c13e3
[0m19:30:40.737684 [debug] [Thread-2 (]: Writing injected SQL for node "test.anp_fuel.unique_dim_tempo_sk_tempo.2def1c13e3"
[0m19:30:40.738561 [debug] [Thread-2 (]: Began executing node test.anp_fuel.unique_dim_tempo_sk_tempo.2def1c13e3
[0m19:30:40.740493 [debug] [Thread-2 (]: Writing runtime sql for node "test.anp_fuel.unique_dim_tempo_sk_tempo.2def1c13e3"
[0m19:30:40.741383 [debug] [Thread-2 (]: Using postgres connection "test.anp_fuel.unique_dim_tempo_sk_tempo.2def1c13e3"
[0m19:30:40.741766 [debug] [Thread-2 (]: On test.anp_fuel.unique_dim_tempo_sk_tempo.2def1c13e3: /* {"app": "dbt", "dbt_version": "1.12.0", "profile_name": "anp_fuel", "target_name": "dev", "node_id": "test.anp_fuel.unique_dim_tempo_sk_tempo.2def1c13e3"} */

    
    select
      count(*) as failures,
      count(*) != 0 as should_warn,
      count(*) != 0 as should_error
    from (
      
    
  
    
    

select
    sk_tempo as unique_field,
    count(*) as n_records

from "anp_fuel"."public"."dim_tempo"
where sk_tempo is not null
group by sk_tempo
having count(*) > 1



  
  
      
    ) dbt_internal_test
[0m19:30:40.742090 [debug] [Thread-2 (]: Opening a new connection, currently in state closed
[0m19:30:40.751418 [debug] [Thread-3 (]: SQL status: SELECT 1 in 0.429 seconds
[0m19:30:40.753190 [debug] [Thread-3 (]: On test.anp_fuel.relationships_fato_coleta_sk_produto__sk_produto__ref_dim_produto_.0f3be5f1f3: ROLLBACK
[0m19:30:40.753886 [debug] [Thread-3 (]: On test.anp_fuel.relationships_fato_coleta_sk_produto__sk_produto__ref_dim_produto_.0f3be5f1f3: Close
[0m19:30:40.754621 [info ] [Thread-3 (]: 14 of 18 PASS relationships_fato_coleta_sk_produto__sk_produto__ref_dim_produto_  [[32mPASS[0m in 0.45s]
[0m19:30:40.755409 [debug] [Thread-3 (]: Finished running node test.anp_fuel.relationships_fato_coleta_sk_produto__sk_produto__ref_dim_produto_.0f3be5f1f3
[0m19:30:40.762764 [debug] [Thread-4 (]: SQL status: SELECT 1 in 0.055 seconds
[0m19:30:40.765009 [debug] [Thread-4 (]: On test.anp_fuel.unique_dim_produto_sk_produto.51f0cbc5ae: ROLLBACK
[0m19:30:40.765509 [debug] [Thread-4 (]: On test.anp_fuel.unique_dim_produto_sk_produto.51f0cbc5ae: Close
[0m19:30:40.766086 [error] [Thread-4 (]: 17 of 18 FAIL 1 unique_dim_produto_sk_produto .................................. [[31mFAIL 1[0m in 0.07s]
[0m19:30:40.767035 [debug] [Thread-4 (]: Finished running node test.anp_fuel.unique_dim_produto_sk_produto.51f0cbc5ae
[0m19:30:40.786315 [debug] [Thread-2 (]: SQL status: SELECT 1 in 0.044 seconds
[0m19:30:40.787727 [debug] [Thread-2 (]: On test.anp_fuel.unique_dim_tempo_sk_tempo.2def1c13e3: ROLLBACK
[0m19:30:40.788248 [debug] [Thread-2 (]: On test.anp_fuel.unique_dim_tempo_sk_tempo.2def1c13e3: Close
[0m19:30:40.788872 [info ] [Thread-2 (]: 18 of 18 PASS unique_dim_tempo_sk_tempo ........................................ [[32mPASS[0m in 0.06s]
[0m19:30:40.789563 [debug] [Thread-2 (]: Finished running node test.anp_fuel.unique_dim_tempo_sk_tempo.2def1c13e3
[0m19:30:40.855891 [debug] [Thread-1 (]: SQL status: SELECT 1 in 0.412 seconds
[0m19:30:40.857157 [debug] [Thread-1 (]: On test.anp_fuel.relationships_fato_coleta_sk_tempo__sk_tempo__ref_dim_tempo_.18aa8f3a2c: ROLLBACK
[0m19:30:40.857670 [debug] [Thread-1 (]: On test.anp_fuel.relationships_fato_coleta_sk_tempo__sk_tempo__ref_dim_tempo_.18aa8f3a2c: Close
[0m19:30:40.858220 [info ] [Thread-1 (]: 15 of 18 PASS relationships_fato_coleta_sk_tempo__sk_tempo__ref_dim_tempo_ ..... [[32mPASS[0m in 0.44s]
[0m19:30:40.858878 [debug] [Thread-1 (]: Finished running node test.anp_fuel.relationships_fato_coleta_sk_tempo__sk_tempo__ref_dim_tempo_.18aa8f3a2c
[0m19:30:40.860103 [debug] [MainThread]: On master: COMMIT
[0m19:30:40.860355 [debug] [MainThread]: Using postgres connection "master"
[0m19:30:40.860573 [debug] [MainThread]: On master: COMMIT
[0m19:30:40.860776 [debug] [MainThread]: Opening a new connection, currently in state closed
[0m19:30:41.001568 [debug] [MainThread]: SQL status: COMMIT in 0.141 seconds
[0m19:30:41.001954 [debug] [MainThread]: On master: Close
[0m19:30:41.002363 [debug] [MainThread]: Connection 'master' was properly closed.
[0m19:30:41.002606 [debug] [MainThread]: Connection 'list_anp_fuel_public' was properly closed.
[0m19:30:41.002854 [debug] [MainThread]: Connection 'test.anp_fuel.relationships_fato_coleta_sk_produto__sk_produto__ref_dim_produto_.0f3be5f1f3' was properly closed.
[0m19:30:41.003025 [debug] [MainThread]: Connection 'test.anp_fuel.unique_dim_tempo_sk_tempo.2def1c13e3' was properly closed.
[0m19:30:41.003199 [debug] [MainThread]: Connection 'test.anp_fuel.relationships_fato_coleta_sk_tempo__sk_tempo__ref_dim_tempo_.18aa8f3a2c' was properly closed.
[0m19:30:41.003362 [debug] [MainThread]: Connection 'test.anp_fuel.unique_dim_produto_sk_produto.51f0cbc5ae' was properly closed.
[0m19:30:41.003597 [info ] [MainThread]: 
[0m19:30:41.004176 [info ] [MainThread]: Finished running 18 data tests in 0 hours 0 minutes and 2.29 seconds (2.29s).
[0m19:30:41.007436 [debug] [MainThread]: Command end result
[0m19:30:41.041142 [debug] [MainThread]: Wrote artifact WritableManifest to D:\ESTUDOS\projetos\anp-fuel\dbt\target\manifest.json
[0m19:30:41.043998 [debug] [MainThread]: Wrote artifact SemanticManifest to D:\ESTUDOS\projetos\anp-fuel\dbt\target\semantic_manifest.json
[0m19:30:41.047350 [debug] [MainThread]: Wrote artifact OsiDocument to D:\ESTUDOS\projetos\anp-fuel\dbt\target\osi_document.json
[0m19:30:41.054373 [debug] [MainThread]: Wrote artifact RunExecutionResult to D:\ESTUDOS\projetos\anp-fuel\dbt\target\run_results.json
[0m19:30:41.054707 [info ] [MainThread]: 
[0m19:30:41.055322 [info ] [MainThread]: [31mCompleted with 1 error, 0 partial successes, and 0 warnings:[0m
[0m19:30:41.055767 [info ] [MainThread]: 
[0m19:30:41.056310 [error] [MainThread]: [[31mERROR[0m]: in test unique_dim_produto_sk_produto (models\marts\dimensional\schema.yml)
[0m19:30:41.056681 [error] [MainThread]:   Got 1 result, configured to fail if != 0
[0m19:30:41.056969 [info ] [MainThread]: 
[0m19:30:41.057302 [info ] [MainThread]:   compiled code at target\compiled\anp_fuel\models\marts\dimensional\schema.yml\unique_dim_produto_sk_produto.sql
[0m19:30:41.057579 [info ] [MainThread]: 
[0m19:30:41.057871 [info ] [MainThread]: Done. PASS=17 WARN=0 ERROR=1 SKIP=0 NO-OP=0 REUSED=0 TOTAL=18
[0m19:30:41.058850 [debug] [MainThread]: Command `dbt test` failed at 19:30:41.058760 after 3.61 seconds
[0m19:30:41.059236 [debug] [MainThread]: Sending event: {'category': 'dbt', 'action': 'invocation', 'label': 'end', 'context': [<snowplow_tracker.self_describing_json.SelfDescribingJson object at 0x0000027D36AF9550>, <snowplow_tracker.self_describing_json.SelfDescribingJson object at 0x0000027D3730B960>, <snowplow_tracker.self_describing_json.SelfDescribingJson object at 0x0000027D3730B750>]}
[0m19:30:41.059533 [debug] [MainThread]: Flushing usage events
[0m19:30:41.723448 [debug] [MainThread]: An error was encountered while trying to flush usage events
[0m19:36:02.997037 [debug] [MainThread]: Sending event: {'category': 'dbt', 'action': 'invocation', 'label': 'start', 'context': [<snowplow_tracker.self_describing_json.SelfDescribingJson object at 0x000001E9AC300830>, <snowplow_tracker.self_describing_json.SelfDescribingJson object at 0x000001E9A9B791D0>, <snowplow_tracker.self_describing_json.SelfDescribingJson object at 0x000001E9AEB9B9D0>]}


============================== 19:36:03.000636 | f91974db-9595-4970-be74-267d8a03a4de ==============================
[0m19:36:03.000636 [info ] [MainThread]: Running with dbt=1.12.0
[0m19:36:03.001215 [debug] [MainThread]: running dbt with arguments {'maximum_seed_size_mib': '1', 'no_print': 'None', 'static_parser': 'True', 'warn_error_options': 'WarnErrorOptionsV2(error=[], warn=[], silence=[])', 'target_path': 'None', 'version_check': 'True', 'printer_width': '80', 'write_json': 'True', 'introspect': 'True', 'log_cache_events': 'False', 'empty': 'False', 'cache_selected_only': 'False', 'fail_fast': 'False', 'debug': 'False', 'log_format': 'default', 'partial_parse': 'True', 'send_anonymous_usage_stats': 'True', 'quiet': 'False', 'warn_error': 'None', 'profiles_dir': 'C:\\Users\\arauj\\.dbt', 'use_colors': 'True', 'hints_enabled': 'True', 'invocation_command': 'dbt run --select dim_produto', 'use_experimental_parser': 'False', 'indirect_selection': 'eager', 'log_path': 'D:\\ESTUDOS\\projetos\\anp-fuel\\dbt\\logs'}
[0m19:36:03.137170 [debug] [MainThread]: Sending event: {'category': 'dbt', 'action': 'project_id', 'label': 'f91974db-9595-4970-be74-267d8a03a4de', 'context': [<snowplow_tracker.self_describing_json.SelfDescribingJson object at 0x000001E9AEB1EC40>]}
[0m19:36:03.186673 [debug] [MainThread]: Sending event: {'category': 'dbt', 'action': 'adapter_info', 'label': 'f91974db-9595-4970-be74-267d8a03a4de', 'context': [<snowplow_tracker.self_describing_json.SelfDescribingJson object at 0x000001E9AEC3FDF0>]}
[0m19:36:03.187949 [info ] [MainThread]: Registered adapter: postgres=1.11.0
[0m19:36:03.337387 [debug] [MainThread]: checksum: a2adc26f75378a8eb99e8d8f91a2a8f9ec58712ce43e4c142f0908dcdb265eb1, vars: {}, profile: anp_fuel, target: dev, version: 1.12.0
[0m19:36:03.465863 [debug] [MainThread]: Partial parsing enabled: 0 files deleted, 0 files added, 1 files changed.
[0m19:36:03.466463 [debug] [MainThread]: Partial parsing: updated file: anp_fuel://models\marts\fato_coleta.sql
[0m19:36:03.466741 [debug] [MainThread]: Partial parsing: updated file: anp_fuel://models\marts\dim_produto.sql
[0m19:36:03.868365 [warn ] [MainThread]: [[33mWARNING[0m][MissingArgumentsPropertyInGenericTestDeprecation]: Deprecated
functionality
Found top-level arguments to test `relationships` defined on 'fato_coleta' in
package 'anp_fuel' (models\marts\dimensional\schema.yml). Arguments to generic
tests should be nested under the `arguments` property.
[0m19:36:03.869028 [debug] [MainThread]: Sending event: {'category': 'dbt', 'action': 'deprecation', 'label': 'f91974db-9595-4970-be74-267d8a03a4de', 'property_': 'warn', 'context': [<snowplow_tracker.self_describing_json.SelfDescribingJson object at 0x000001E9AF31D850>]}
[0m19:36:03.942004 [debug] [MainThread]: Sending event: {'category': 'dbt', 'action': 'load_project', 'label': 'f91974db-9595-4970-be74-267d8a03a4de', 'context': [<snowplow_tracker.self_describing_json.SelfDescribingJson object at 0x000001E9AF6046E0>]}
[0m19:36:04.028218 [debug] [MainThread]: Wrote artifact WritableManifest to D:\ESTUDOS\projetos\anp-fuel\dbt\target\manifest.json
[0m19:36:04.030919 [debug] [MainThread]: Wrote artifact SemanticManifest to D:\ESTUDOS\projetos\anp-fuel\dbt\target\semantic_manifest.json
[0m19:36:04.050221 [debug] [MainThread]: Wrote artifact OsiDocument to D:\ESTUDOS\projetos\anp-fuel\dbt\target\osi_document.json
[0m19:36:04.061128 [debug] [MainThread]: Sending event: {'category': 'dbt', 'action': 'resource_counts', 'label': 'f91974db-9595-4970-be74-267d8a03a4de', 'context': [<snowplow_tracker.self_describing_json.SelfDescribingJson object at 0x000001E9AF7B9EF0>]}
[0m19:36:04.061561 [info ] [MainThread]: Found 9 models, 18 data tests, 1 source, 593 macros
[0m19:36:04.061925 [debug] [MainThread]: Sending event: {'category': 'dbt', 'action': 'runnable_timing', 'label': 'f91974db-9595-4970-be74-267d8a03a4de', 'context': [<snowplow_tracker.self_describing_json.SelfDescribingJson object at 0x000001E9AF8BBD40>]}
[0m19:36:04.063562 [info ] [MainThread]: 
[0m19:36:04.063974 [info ] [MainThread]: Concurrency: 4 threads (target='dev')
[0m19:36:04.064267 [info ] [MainThread]: 
[0m19:36:04.064754 [debug] [MainThread]: Acquiring new postgres connection 'master'
[0m19:36:04.066151 [debug] [ThreadPool]: Acquiring new postgres connection 'list_anp_fuel'
[0m19:36:04.112262 [debug] [ThreadPool]: Using postgres connection "list_anp_fuel"
[0m19:36:04.112803 [debug] [ThreadPool]: On list_anp_fuel: /* {"app": "dbt", "dbt_version": "1.12.0", "profile_name": "anp_fuel", "target_name": "dev", "connection_name": "list_anp_fuel"} */

    select distinct nspname from pg_namespace
  
[0m19:36:04.113208 [debug] [ThreadPool]: Opening a new connection, currently in state init
[0m19:36:04.157044 [debug] [ThreadPool]: SQL status: SELECT 4 in 0.044 seconds
[0m19:36:04.158597 [debug] [ThreadPool]: On list_anp_fuel: Close
[0m19:36:04.163704 [debug] [ThreadPool]: Acquiring new postgres connection 'list_anp_fuel_public'
[0m19:36:04.167740 [debug] [ThreadPool]: Using postgres connection "list_anp_fuel_public"
[0m19:36:04.168048 [debug] [ThreadPool]: On list_anp_fuel_public: /* {"app": "dbt", "dbt_version": "1.12.0", "profile_name": "anp_fuel", "target_name": "dev", "connection_name": "list_anp_fuel_public"} */
select
      'anp_fuel' as database,
      tablename as name,
      schemaname as schema,
      'table' as type
    from pg_tables
    where schemaname ilike 'public'
    union all
    select
      'anp_fuel' as database,
      viewname as name,
      schemaname as schema,
      'view' as type
    from pg_views
    where schemaname ilike 'public'
    union all
    select
      'anp_fuel' as database,
      matviewname as name,
      schemaname as schema,
      'materialized_view' as type
    from pg_matviews
    where schemaname ilike 'public'
    union all
    select distinct
     'anp_fuel' as database,
     proname as name,
     ns.nspname as schema,
     'function' as type
    from pg_proc
     join pg_namespace as ns on pronamespace = ns.oid
    where ns.nspname ilike 'public'
  
[0m19:36:04.168286 [debug] [ThreadPool]: Opening a new connection, currently in state init
[0m19:36:04.210989 [debug] [ThreadPool]: SQL status: SELECT 10 in 0.043 seconds
[0m19:36:04.212393 [debug] [ThreadPool]: On list_anp_fuel_public: ROLLBACK
[0m19:36:04.212850 [debug] [ThreadPool]: On list_anp_fuel_public: Close
[0m19:36:04.217186 [debug] [MainThread]: Using postgres connection "master"
[0m19:36:04.217530 [debug] [MainThread]: On master: /* {"app": "dbt", "dbt_version": "1.12.0", "profile_name": "anp_fuel", "target_name": "dev", "connection_name": "master"} */
select distinct
        dependent_namespace.nspname as dependent_schema,
        dependent_class.relname as dependent_name,
        referenced_namespace.nspname as referenced_schema,
        referenced_class.relname as referenced_name

    -- Query for views: views are entries in pg_class with an entry in pg_rewrite, but we avoid
    -- a seq scan on pg_rewrite by leveraging the fact there is an "internal" row in pg_depend for
    -- the view...
    from pg_class as dependent_class
    join pg_namespace as dependent_namespace on dependent_namespace.oid = dependent_class.relnamespace
    join pg_depend as dependent_depend on dependent_depend.refobjid = dependent_class.oid
        and dependent_depend.classid = 'pg_rewrite'::regclass
        and dependent_depend.refclassid = 'pg_class'::regclass
        and dependent_depend.deptype = 'i'

    -- ... and via pg_depend (that has a row per column, hence the need for "distinct" above, and
    -- making sure to exclude the internal row to avoid a view appearing to depend on itself)...
    join pg_depend as joining_depend on joining_depend.objid = dependent_depend.objid
        and joining_depend.classid = 'pg_rewrite'::regclass
        and joining_depend.refclassid = 'pg_class'::regclass
        and joining_depend.refobjid != dependent_depend.refobjid

    -- ... we can find the tables they query from in pg_class, but excluding system tables. Note we
    -- don't need need to exclude _dependent_ system tables, because they only query from other
    -- system tables, and so are automatically excluded by excluding _referenced_ system tables
    join pg_class as referenced_class on referenced_class.oid = joining_depend.refobjid
    join pg_namespace as referenced_namespace on referenced_namespace.oid = referenced_class.relnamespace
        and referenced_namespace.nspname != 'information_schema'
        and referenced_namespace.nspname not like 'pg\_%'

    order by
        dependent_schema, dependent_name, referenced_schema, referenced_name;
[0m19:36:04.217787 [debug] [MainThread]: Opening a new connection, currently in state init
[0m19:36:04.257044 [debug] [MainThread]: SQL status: SELECT 1 in 0.039 seconds
[0m19:36:04.258190 [debug] [MainThread]: Sending event: {'category': 'dbt', 'action': 'runnable_timing', 'label': 'f91974db-9595-4970-be74-267d8a03a4de', 'context': [<snowplow_tracker.self_describing_json.SelfDescribingJson object at 0x000001E9AF817AD0>]}
[0m19:36:04.258549 [debug] [MainThread]: On master: ROLLBACK
[0m19:36:04.258898 [debug] [MainThread]: On master: COMMIT
[0m19:36:04.259179 [debug] [MainThread]: Using postgres connection "master"
[0m19:36:04.259398 [debug] [MainThread]: On master: COMMIT
[0m19:36:04.259747 [debug] [MainThread]: SQL status: COMMIT in 0.000 seconds
[0m19:36:04.259991 [debug] [MainThread]: On master: Close
[0m19:36:04.264516 [debug] [Thread-1 (]: Began running node model.anp_fuel.dim_produto
[0m19:36:04.265248 [info ] [Thread-1 (]: 1 of 1 START sql table model public.dim_produto ................................ [RUN]
[0m19:36:04.265855 [debug] [Thread-1 (]: Acquiring new postgres connection 'model.anp_fuel.dim_produto'
[0m19:36:04.266156 [debug] [Thread-1 (]: Began compiling node model.anp_fuel.dim_produto
[0m19:36:04.271865 [debug] [Thread-1 (]: Writing injected SQL for node "model.anp_fuel.dim_produto"
[0m19:36:04.272500 [debug] [Thread-1 (]: Began executing node model.anp_fuel.dim_produto
[0m19:36:04.301239 [debug] [Thread-1 (]: Writing runtime sql for node "model.anp_fuel.dim_produto"
[0m19:36:04.302130 [debug] [Thread-1 (]: Using postgres connection "model.anp_fuel.dim_produto"
[0m19:36:04.302494 [debug] [Thread-1 (]: On model.anp_fuel.dim_produto: /* {"app": "dbt", "dbt_version": "1.12.0", "profile_name": "anp_fuel", "target_name": "dev", "node_id": "model.anp_fuel.dim_produto"} */

  
    

  create  table "anp_fuel"."public"."dim_produto__dbt_tmp"
  
  
    as
  
  (
    -- dim_produto.sql

SELECT
    md5(cast(coalesce(cast(produto as TEXT), '_dbt_utils_surrogate_key_null_') as TEXT)) AS sk_produto,
    produto,
    MAX(unidade_medida) AS unidade_medida
FROM "anp_fuel"."public"."stg_precos"
GROUP BY produto
  );
  
[0m19:36:04.302761 [debug] [Thread-1 (]: Opening a new connection, currently in state init
[0m19:36:04.602966 [debug] [Thread-1 (]: SQL status: SELECT 6 in 0.300 seconds
[0m19:36:04.609966 [debug] [Thread-1 (]: Using postgres connection "model.anp_fuel.dim_produto"
[0m19:36:04.610279 [debug] [Thread-1 (]: On model.anp_fuel.dim_produto: /* {"app": "dbt", "dbt_version": "1.12.0", "profile_name": "anp_fuel", "target_name": "dev", "node_id": "model.anp_fuel.dim_produto"} */
alter table "anp_fuel"."public"."dim_produto" rename to "dim_produto__dbt_backup"
[0m19:36:04.610896 [debug] [Thread-1 (]: SQL status: ALTER TABLE in 0.000 seconds
[0m19:36:04.612333 [debug] [Thread-1 (]: Using postgres connection "model.anp_fuel.dim_produto"
[0m19:36:04.612598 [debug] [Thread-1 (]: On model.anp_fuel.dim_produto: /* {"app": "dbt", "dbt_version": "1.12.0", "profile_name": "anp_fuel", "target_name": "dev", "node_id": "model.anp_fuel.dim_produto"} */
alter table "anp_fuel"."public"."dim_produto__dbt_tmp" rename to "dim_produto"
[0m19:36:04.613327 [debug] [Thread-1 (]: SQL status: ALTER TABLE in 0.000 seconds
[0m19:36:04.626209 [debug] [Thread-1 (]: On model.anp_fuel.dim_produto: COMMIT
[0m19:36:04.626491 [debug] [Thread-1 (]: Using postgres connection "model.anp_fuel.dim_produto"
[0m19:36:04.626733 [debug] [Thread-1 (]: On model.anp_fuel.dim_produto: COMMIT
[0m19:36:04.627919 [debug] [Thread-1 (]: SQL status: COMMIT in 0.001 seconds
[0m19:36:04.631487 [debug] [Thread-1 (]: Applying DROP to: "anp_fuel"."public"."dim_produto__dbt_backup"
[0m19:36:04.634548 [debug] [Thread-1 (]: Using postgres connection "model.anp_fuel.dim_produto"
[0m19:36:04.634813 [debug] [Thread-1 (]: On model.anp_fuel.dim_produto: /* {"app": "dbt", "dbt_version": "1.12.0", "profile_name": "anp_fuel", "target_name": "dev", "node_id": "model.anp_fuel.dim_produto"} */
drop table if exists "anp_fuel"."public"."dim_produto__dbt_backup" cascade
[0m19:36:04.639562 [debug] [Thread-1 (]: SQL status: DROP TABLE in 0.004 seconds
[0m19:36:04.641220 [debug] [Thread-1 (]: On model.anp_fuel.dim_produto: Close
[0m19:36:04.642954 [debug] [Thread-1 (]: Sending event: {'category': 'dbt', 'action': 'run_model', 'label': 'f91974db-9595-4970-be74-267d8a03a4de', 'context': [<snowplow_tracker.self_describing_json.SelfDescribingJson object at 0x000001E9AC799BD0>]}
[0m19:36:04.643548 [info ] [Thread-1 (]: 1 of 1 OK created sql table model public.dim_produto ........................... [[32mSELECT 6[0m in 0.38s]
[0m19:36:04.644287 [debug] [Thread-1 (]: Finished running node model.anp_fuel.dim_produto
[0m19:36:04.646089 [debug] [MainThread]: On master: COMMIT
[0m19:36:04.646339 [debug] [MainThread]: Using postgres connection "master"
[0m19:36:04.646551 [debug] [MainThread]: On master: COMMIT
[0m19:36:04.646748 [debug] [MainThread]: Opening a new connection, currently in state closed
[0m19:36:04.682284 [debug] [MainThread]: SQL status: COMMIT in 0.035 seconds
[0m19:36:04.682712 [debug] [MainThread]: On master: Close
[0m19:36:04.683144 [debug] [MainThread]: Connection 'master' was properly closed.
[0m19:36:04.683415 [debug] [MainThread]: Connection 'list_anp_fuel' was properly closed.
[0m19:36:04.683627 [debug] [MainThread]: Connection 'list_anp_fuel_public' was properly closed.
[0m19:36:04.683806 [debug] [MainThread]: Connection 'model.anp_fuel.dim_produto' was properly closed.
[0m19:36:04.684040 [info ] [MainThread]: 
[0m19:36:04.684348 [info ] [MainThread]: Finished running 1 table model in 0 hours 0 minutes and 0.62 seconds (0.62s).
[0m19:36:04.685045 [debug] [MainThread]: Command end result
[0m19:36:04.719841 [debug] [MainThread]: Wrote artifact WritableManifest to D:\ESTUDOS\projetos\anp-fuel\dbt\target\manifest.json
[0m19:36:04.722849 [debug] [MainThread]: Wrote artifact SemanticManifest to D:\ESTUDOS\projetos\anp-fuel\dbt\target\semantic_manifest.json
[0m19:36:04.725534 [debug] [MainThread]: Wrote artifact OsiDocument to D:\ESTUDOS\projetos\anp-fuel\dbt\target\osi_document.json
[0m19:36:04.731316 [debug] [MainThread]: Wrote artifact RunExecutionResult to D:\ESTUDOS\projetos\anp-fuel\dbt\target\run_results.json
[0m19:36:04.731623 [info ] [MainThread]: 
[0m19:36:04.732220 [info ] [MainThread]: [32mCompleted successfully[0m
[0m19:36:04.732653 [info ] [MainThread]: 
[0m19:36:04.733048 [info ] [MainThread]: Done. PASS=1 WARN=0 ERROR=0 SKIP=0 NO-OP=0 REUSED=0 TOTAL=1
[0m19:36:04.733521 [warn ] [MainThread]: [[33mWARNING[0m][DeprecationsSummary]: Deprecated functionality
Summary of encountered deprecations:
- MissingArgumentsPropertyInGenericTestDeprecation: 3 occurrences
To see all deprecation instances instead of just the first occurrence of each,
run command again with the `--show-all-deprecations` flag. You may also need to
run with `--no-partial-parse` as some deprecations are only encountered during
parsing.
[0m19:36:04.734470 [debug] [MainThread]: Command `dbt run` succeeded at 19:36:04.734387 after 1.94 seconds
[0m19:36:04.734765 [debug] [MainThread]: Sending event: {'category': 'dbt', 'action': 'invocation', 'label': 'end', 'context': [<snowplow_tracker.self_describing_json.SelfDescribingJson object at 0x000001E9AF846030>, <snowplow_tracker.self_describing_json.SelfDescribingJson object at 0x000001E9AF83F5C0>, <snowplow_tracker.self_describing_json.SelfDescribingJson object at 0x000001E9AC7B4150>]}
[0m19:36:04.735047 [debug] [MainThread]: Flushing usage events
[0m19:36:05.345981 [debug] [MainThread]: An error was encountered while trying to flush usage events
[0m19:36:16.649560 [debug] [MainThread]: Sending event: {'category': 'dbt', 'action': 'invocation', 'label': 'start', 'context': [<snowplow_tracker.self_describing_json.SelfDescribingJson object at 0x000001C6FC194830>, <snowplow_tracker.self_describing_json.SelfDescribingJson object at 0x000001C6F9A091D0>, <snowplow_tracker.self_describing_json.SelfDescribingJson object at 0x000001C6FEA2B9D0>]}


============================== 19:36:16.653236 | 133d0c26-973a-4e28-9d7c-830a07abfbe6 ==============================
[0m19:36:16.653236 [info ] [MainThread]: Running with dbt=1.12.0
[0m19:36:16.653812 [debug] [MainThread]: running dbt with arguments {'static_parser': 'True', 'no_print': 'None', 'maximum_seed_size_mib': '1', 'warn_error_options': 'WarnErrorOptionsV2(error=[], warn=[], silence=[])', 'version_check': 'True', 'target_path': 'None', 'printer_width': '80', 'write_json': 'True', 'empty': 'None', 'log_cache_events': 'False', 'introspect': 'True', 'cache_selected_only': 'False', 'log_format': 'default', 'debug': 'False', 'fail_fast': 'False', 'profiles_dir': 'C:\\Users\\arauj\\.dbt', 'send_anonymous_usage_stats': 'True', 'quiet': 'False', 'warn_error': 'None', 'partial_parse': 'True', 'use_colors': 'True', 'hints_enabled': 'True', 'indirect_selection': 'eager', 'use_experimental_parser': 'False', 'invocation_command': 'dbt test --select dim_produto', 'log_path': 'D:\\ESTUDOS\\projetos\\anp-fuel\\dbt\\logs'}
[0m19:36:16.790959 [debug] [MainThread]: Sending event: {'category': 'dbt', 'action': 'project_id', 'label': '133d0c26-973a-4e28-9d7c-830a07abfbe6', 'context': [<snowplow_tracker.self_describing_json.SelfDescribingJson object at 0x000001C6FE9AAC40>]}
[0m19:36:16.840061 [debug] [MainThread]: Sending event: {'category': 'dbt', 'action': 'adapter_info', 'label': '133d0c26-973a-4e28-9d7c-830a07abfbe6', 'context': [<snowplow_tracker.self_describing_json.SelfDescribingJson object at 0x000001C6FEACFDF0>]}
[0m19:36:16.841256 [info ] [MainThread]: Registered adapter: postgres=1.11.0
[0m19:36:16.983242 [debug] [MainThread]: checksum: a2adc26f75378a8eb99e8d8f91a2a8f9ec58712ce43e4c142f0908dcdb265eb1, vars: {}, profile: anp_fuel, target: dev, version: 1.12.0
[0m19:36:17.106661 [debug] [MainThread]: Partial parsing enabled: 0 files deleted, 0 files added, 0 files changed.
[0m19:36:17.107273 [debug] [MainThread]: Nothing changed, skipping partial parsing.
[0m19:36:17.107672 [debug] [MainThread]: Partial parsing enabled, no changes found, skipping parsing
[0m19:36:17.114976 [debug] [MainThread]: Sending event: {'category': 'dbt', 'action': 'load_project', 'label': '133d0c26-973a-4e28-9d7c-830a07abfbe6', 'context': [<snowplow_tracker.self_describing_json.SelfDescribingJson object at 0x000001C6FF248A50>]}
[0m19:36:17.224585 [debug] [MainThread]: Wrote artifact WritableManifest to D:\ESTUDOS\projetos\anp-fuel\dbt\target\manifest.json
[0m19:36:17.227071 [debug] [MainThread]: Wrote artifact SemanticManifest to D:\ESTUDOS\projetos\anp-fuel\dbt\target\semantic_manifest.json
[0m19:36:17.247637 [debug] [MainThread]: Wrote artifact OsiDocument to D:\ESTUDOS\projetos\anp-fuel\dbt\target\osi_document.json
[0m19:36:17.264327 [debug] [MainThread]: Sending event: {'category': 'dbt', 'action': 'resource_counts', 'label': '133d0c26-973a-4e28-9d7c-830a07abfbe6', 'context': [<snowplow_tracker.self_describing_json.SelfDescribingJson object at 0x000001C6FF3C9C70>]}
[0m19:36:17.264737 [info ] [MainThread]: Found 9 models, 18 data tests, 1 source, 593 macros
[0m19:36:17.265233 [debug] [MainThread]: Sending event: {'category': 'dbt', 'action': 'runnable_timing', 'label': '133d0c26-973a-4e28-9d7c-830a07abfbe6', 'context': [<snowplow_tracker.self_describing_json.SelfDescribingJson object at 0x000001C6FF357A10>]}
[0m19:36:17.266803 [info ] [MainThread]: 
[0m19:36:17.267172 [info ] [MainThread]: Concurrency: 4 threads (target='dev')
[0m19:36:17.267472 [info ] [MainThread]: 
[0m19:36:17.268033 [debug] [MainThread]: Acquiring new postgres connection 'master'
[0m19:36:17.271253 [debug] [ThreadPool]: Acquiring new postgres connection 'list_anp_fuel_public'
[0m19:36:17.317576 [debug] [ThreadPool]: Using postgres connection "list_anp_fuel_public"
[0m19:36:17.317941 [debug] [ThreadPool]: On list_anp_fuel_public: /* {"app": "dbt", "dbt_version": "1.12.0", "profile_name": "anp_fuel", "target_name": "dev", "connection_name": "list_anp_fuel_public"} */
select
      'anp_fuel' as database,
      tablename as name,
      schemaname as schema,
      'table' as type
    from pg_tables
    where schemaname ilike 'public'
    union all
    select
      'anp_fuel' as database,
      viewname as name,
      schemaname as schema,
      'view' as type
    from pg_views
    where schemaname ilike 'public'
    union all
    select
      'anp_fuel' as database,
      matviewname as name,
      schemaname as schema,
      'materialized_view' as type
    from pg_matviews
    where schemaname ilike 'public'
    union all
    select distinct
     'anp_fuel' as database,
     proname as name,
     ns.nspname as schema,
     'function' as type
    from pg_proc
     join pg_namespace as ns on pronamespace = ns.oid
    where ns.nspname ilike 'public'
  
[0m19:36:17.318196 [debug] [ThreadPool]: Opening a new connection, currently in state init
[0m19:36:17.363341 [debug] [ThreadPool]: SQL status: SELECT 10 in 0.045 seconds
[0m19:36:17.364534 [debug] [ThreadPool]: On list_anp_fuel_public: ROLLBACK
[0m19:36:17.364954 [debug] [ThreadPool]: On list_anp_fuel_public: Close
[0m19:36:17.369267 [debug] [MainThread]: Using postgres connection "master"
[0m19:36:17.369585 [debug] [MainThread]: On master: /* {"app": "dbt", "dbt_version": "1.12.0", "profile_name": "anp_fuel", "target_name": "dev", "connection_name": "master"} */
select distinct
        dependent_namespace.nspname as dependent_schema,
        dependent_class.relname as dependent_name,
        referenced_namespace.nspname as referenced_schema,
        referenced_class.relname as referenced_name

    -- Query for views: views are entries in pg_class with an entry in pg_rewrite, but we avoid
    -- a seq scan on pg_rewrite by leveraging the fact there is an "internal" row in pg_depend for
    -- the view...
    from pg_class as dependent_class
    join pg_namespace as dependent_namespace on dependent_namespace.oid = dependent_class.relnamespace
    join pg_depend as dependent_depend on dependent_depend.refobjid = dependent_class.oid
        and dependent_depend.classid = 'pg_rewrite'::regclass
        and dependent_depend.refclassid = 'pg_class'::regclass
        and dependent_depend.deptype = 'i'

    -- ... and via pg_depend (that has a row per column, hence the need for "distinct" above, and
    -- making sure to exclude the internal row to avoid a view appearing to depend on itself)...
    join pg_depend as joining_depend on joining_depend.objid = dependent_depend.objid
        and joining_depend.classid = 'pg_rewrite'::regclass
        and joining_depend.refclassid = 'pg_class'::regclass
        and joining_depend.refobjid != dependent_depend.refobjid

    -- ... we can find the tables they query from in pg_class, but excluding system tables. Note we
    -- don't need need to exclude _dependent_ system tables, because they only query from other
    -- system tables, and so are automatically excluded by excluding _referenced_ system tables
    join pg_class as referenced_class on referenced_class.oid = joining_depend.refobjid
    join pg_namespace as referenced_namespace on referenced_namespace.oid = referenced_class.relnamespace
        and referenced_namespace.nspname != 'information_schema'
        and referenced_namespace.nspname not like 'pg\_%'

    order by
        dependent_schema, dependent_name, referenced_schema, referenced_name;
[0m19:36:17.369867 [debug] [MainThread]: Opening a new connection, currently in state init
[0m19:36:17.412240 [debug] [MainThread]: SQL status: SELECT 1 in 0.042 seconds
[0m19:36:17.413424 [debug] [MainThread]: Sending event: {'category': 'dbt', 'action': 'runnable_timing', 'label': '133d0c26-973a-4e28-9d7c-830a07abfbe6', 'context': [<snowplow_tracker.self_describing_json.SelfDescribingJson object at 0x000001C6FF7BC1F0>]}
[0m19:36:17.413790 [debug] [MainThread]: On master: ROLLBACK
[0m19:36:17.414149 [debug] [MainThread]: On master: COMMIT
[0m19:36:17.414378 [debug] [MainThread]: Using postgres connection "master"
[0m19:36:17.414577 [debug] [MainThread]: On master: COMMIT
[0m19:36:17.414934 [debug] [MainThread]: SQL status: COMMIT in 0.000 seconds
[0m19:36:17.415196 [debug] [MainThread]: On master: Close
[0m19:36:17.419543 [debug] [Thread-1 (]: Began running node test.anp_fuel.not_null_dim_produto_sk_produto.88ed3c03ea
[0m19:36:17.419988 [debug] [Thread-3 (]: Began running node test.anp_fuel.unique_dim_produto_sk_produto.51f0cbc5ae
[0m19:36:17.420400 [info ] [Thread-1 (]: 1 of 3 START test not_null_dim_produto_sk_produto .............................. [RUN]
[0m19:36:17.421587 [debug] [Thread-1 (]: Acquiring new postgres connection 'test.anp_fuel.not_null_dim_produto_sk_produto.88ed3c03ea'
[0m19:36:17.421893 [debug] [Thread-1 (]: Began compiling node test.anp_fuel.not_null_dim_produto_sk_produto.88ed3c03ea
[0m19:36:17.421111 [info ] [Thread-3 (]: 3 of 3 START test unique_dim_produto_sk_produto ................................ [RUN]
[0m19:36:17.420785 [debug] [Thread-2 (]: Began running node test.anp_fuel.relationships_fato_coleta_sk_produto__sk_produto__ref_dim_produto_.0f3be5f1f3
[0m19:36:17.436614 [debug] [Thread-1 (]: Writing injected SQL for node "test.anp_fuel.not_null_dim_produto_sk_produto.88ed3c03ea"
[0m19:36:17.437089 [debug] [Thread-3 (]: Acquiring new postgres connection 'test.anp_fuel.unique_dim_produto_sk_produto.51f0cbc5ae'
[0m19:36:17.438053 [debug] [Thread-3 (]: Began compiling node test.anp_fuel.unique_dim_produto_sk_produto.51f0cbc5ae
[0m19:36:17.445460 [debug] [Thread-3 (]: Writing injected SQL for node "test.anp_fuel.unique_dim_produto_sk_produto.51f0cbc5ae"
[0m19:36:17.437452 [info ] [Thread-2 (]: 2 of 3 START test relationships_fato_coleta_sk_produto__sk_produto__ref_dim_produto_  [RUN]
[0m19:36:17.446465 [debug] [Thread-2 (]: Acquiring new postgres connection 'test.anp_fuel.relationships_fato_coleta_sk_produto__sk_produto__ref_dim_produto_.0f3be5f1f3'
[0m19:36:17.446896 [debug] [Thread-2 (]: Began compiling node test.anp_fuel.relationships_fato_coleta_sk_produto__sk_produto__ref_dim_produto_.0f3be5f1f3
[0m19:36:17.451617 [debug] [Thread-1 (]: Began executing node test.anp_fuel.not_null_dim_produto_sk_produto.88ed3c03ea
[0m19:36:17.467515 [debug] [Thread-3 (]: Began executing node test.anp_fuel.unique_dim_produto_sk_produto.51f0cbc5ae
[0m19:36:17.478505 [debug] [Thread-3 (]: Writing runtime sql for node "test.anp_fuel.unique_dim_produto_sk_produto.51f0cbc5ae"
[0m19:36:17.460642 [debug] [Thread-2 (]: Writing injected SQL for node "test.anp_fuel.relationships_fato_coleta_sk_produto__sk_produto__ref_dim_produto_.0f3be5f1f3"
[0m19:36:17.476064 [debug] [Thread-1 (]: Writing runtime sql for node "test.anp_fuel.not_null_dim_produto_sk_produto.88ed3c03ea"
[0m19:36:17.479484 [debug] [Thread-2 (]: Began executing node test.anp_fuel.relationships_fato_coleta_sk_produto__sk_produto__ref_dim_produto_.0f3be5f1f3
[0m19:36:17.481347 [debug] [Thread-2 (]: Writing runtime sql for node "test.anp_fuel.relationships_fato_coleta_sk_produto__sk_produto__ref_dim_produto_.0f3be5f1f3"
[0m19:36:17.481785 [debug] [Thread-3 (]: Using postgres connection "test.anp_fuel.unique_dim_produto_sk_produto.51f0cbc5ae"
[0m19:36:17.482136 [debug] [Thread-3 (]: On test.anp_fuel.unique_dim_produto_sk_produto.51f0cbc5ae: /* {"app": "dbt", "dbt_version": "1.12.0", "profile_name": "anp_fuel", "target_name": "dev", "node_id": "test.anp_fuel.unique_dim_produto_sk_produto.51f0cbc5ae"} */

    
    select
      count(*) as failures,
      count(*) != 0 as should_warn,
      count(*) != 0 as should_error
    from (
      
    
  
    
    

select
    sk_produto as unique_field,
    count(*) as n_records

from "anp_fuel"."public"."dim_produto"
where sk_produto is not null
group by sk_produto
having count(*) > 1



  
  
      
    ) dbt_internal_test
[0m19:36:17.482597 [debug] [Thread-3 (]: Opening a new connection, currently in state init
[0m19:36:17.483143 [debug] [Thread-1 (]: Using postgres connection "test.anp_fuel.not_null_dim_produto_sk_produto.88ed3c03ea"
[0m19:36:17.483501 [debug] [Thread-1 (]: On test.anp_fuel.not_null_dim_produto_sk_produto.88ed3c03ea: /* {"app": "dbt", "dbt_version": "1.12.0", "profile_name": "anp_fuel", "target_name": "dev", "node_id": "test.anp_fuel.not_null_dim_produto_sk_produto.88ed3c03ea"} */

    
    select
      count(*) as failures,
      count(*) != 0 as should_warn,
      count(*) != 0 as should_error
    from (
      
    
  
    
    



select sk_produto
from "anp_fuel"."public"."dim_produto"
where sk_produto is null



  
  
      
    ) dbt_internal_test
[0m19:36:17.483785 [debug] [Thread-1 (]: Opening a new connection, currently in state init
[0m19:36:17.484355 [debug] [Thread-2 (]: Using postgres connection "test.anp_fuel.relationships_fato_coleta_sk_produto__sk_produto__ref_dim_produto_.0f3be5f1f3"
[0m19:36:17.484669 [debug] [Thread-2 (]: On test.anp_fuel.relationships_fato_coleta_sk_produto__sk_produto__ref_dim_produto_.0f3be5f1f3: /* {"app": "dbt", "dbt_version": "1.12.0", "profile_name": "anp_fuel", "target_name": "dev", "node_id": "test.anp_fuel.relationships_fato_coleta_sk_produto__sk_produto__ref_dim_produto_.0f3be5f1f3"} */

    
    select
      count(*) as failures,
      count(*) != 0 as should_warn,
      count(*) != 0 as should_error
    from (
      
    
  
    
    

with child as (
    select sk_produto as from_field
    from "anp_fuel"."public"."fato_coleta"
    where sk_produto is not null
),

parent as (
    select sk_produto as to_field
    from "anp_fuel"."public"."dim_produto"
)

select
    from_field

from child
left join parent
    on child.from_field = parent.to_field

where parent.to_field is null



  
  
      
    ) dbt_internal_test
[0m19:36:17.484951 [debug] [Thread-2 (]: Opening a new connection, currently in state init
[0m19:36:17.530501 [debug] [Thread-3 (]: SQL status: SELECT 1 in 0.048 seconds
[0m19:36:17.534311 [debug] [Thread-3 (]: On test.anp_fuel.unique_dim_produto_sk_produto.51f0cbc5ae: ROLLBACK
[0m19:36:17.534861 [debug] [Thread-3 (]: On test.anp_fuel.unique_dim_produto_sk_produto.51f0cbc5ae: Close
[0m19:36:17.535573 [info ] [Thread-3 (]: 3 of 3 PASS unique_dim_produto_sk_produto ...................................... [[32mPASS[0m in 0.10s]
[0m19:36:17.536309 [debug] [Thread-3 (]: Finished running node test.anp_fuel.unique_dim_produto_sk_produto.51f0cbc5ae
[0m19:36:17.536889 [debug] [Thread-1 (]: SQL status: SELECT 1 in 0.053 seconds
[0m19:36:17.538134 [debug] [Thread-1 (]: On test.anp_fuel.not_null_dim_produto_sk_produto.88ed3c03ea: ROLLBACK
[0m19:36:17.538687 [debug] [Thread-1 (]: On test.anp_fuel.not_null_dim_produto_sk_produto.88ed3c03ea: Close
[0m19:36:17.539721 [info ] [Thread-1 (]: 1 of 3 PASS not_null_dim_produto_sk_produto .................................... [[32mPASS[0m in 0.12s]
[0m19:36:17.540466 [debug] [Thread-1 (]: Finished running node test.anp_fuel.not_null_dim_produto_sk_produto.88ed3c03ea
[0m19:36:17.736382 [debug] [Thread-2 (]: SQL status: SELECT 1 in 0.251 seconds
[0m19:36:17.737681 [debug] [Thread-2 (]: On test.anp_fuel.relationships_fato_coleta_sk_produto__sk_produto__ref_dim_produto_.0f3be5f1f3: ROLLBACK
[0m19:36:17.738238 [debug] [Thread-2 (]: On test.anp_fuel.relationships_fato_coleta_sk_produto__sk_produto__ref_dim_produto_.0f3be5f1f3: Close
[0m19:36:17.738871 [info ] [Thread-2 (]: 2 of 3 PASS relationships_fato_coleta_sk_produto__sk_produto__ref_dim_produto_ . [[32mPASS[0m in 0.29s]
[0m19:36:17.739577 [debug] [Thread-2 (]: Finished running node test.anp_fuel.relationships_fato_coleta_sk_produto__sk_produto__ref_dim_produto_.0f3be5f1f3
[0m19:36:17.741167 [debug] [MainThread]: On master: COMMIT
[0m19:36:17.741433 [debug] [MainThread]: Using postgres connection "master"
[0m19:36:17.741696 [debug] [MainThread]: On master: COMMIT
[0m19:36:17.741899 [debug] [MainThread]: Opening a new connection, currently in state closed
[0m19:36:17.778350 [debug] [MainThread]: SQL status: COMMIT in 0.036 seconds
[0m19:36:17.778782 [debug] [MainThread]: On master: Close
[0m19:36:17.779238 [debug] [MainThread]: Connection 'master' was properly closed.
[0m19:36:17.779507 [debug] [MainThread]: Connection 'list_anp_fuel_public' was properly closed.
[0m19:36:17.779772 [debug] [MainThread]: Connection 'test.anp_fuel.not_null_dim_produto_sk_produto.88ed3c03ea' was properly closed.
[0m19:36:17.779992 [debug] [MainThread]: Connection 'test.anp_fuel.unique_dim_produto_sk_produto.51f0cbc5ae' was properly closed.
[0m19:36:17.780172 [debug] [MainThread]: Connection 'test.anp_fuel.relationships_fato_coleta_sk_produto__sk_produto__ref_dim_produto_.0f3be5f1f3' was properly closed.
[0m19:36:17.780416 [info ] [MainThread]: 
[0m19:36:17.780820 [info ] [MainThread]: Finished running 3 data tests in 0 hours 0 minutes and 0.51 seconds (0.51s).
[0m19:36:17.781855 [debug] [MainThread]: Command end result
[0m19:36:17.814777 [debug] [MainThread]: Wrote artifact WritableManifest to D:\ESTUDOS\projetos\anp-fuel\dbt\target\manifest.json
[0m19:36:17.817983 [debug] [MainThread]: Wrote artifact SemanticManifest to D:\ESTUDOS\projetos\anp-fuel\dbt\target\semantic_manifest.json
[0m19:36:17.820854 [debug] [MainThread]: Wrote artifact OsiDocument to D:\ESTUDOS\projetos\anp-fuel\dbt\target\osi_document.json
[0m19:36:17.827715 [debug] [MainThread]: Wrote artifact RunExecutionResult to D:\ESTUDOS\projetos\anp-fuel\dbt\target\run_results.json
[0m19:36:17.828052 [info ] [MainThread]: 
[0m19:36:17.828976 [info ] [MainThread]: [32mCompleted successfully[0m
[0m19:36:17.829743 [info ] [MainThread]: 
[0m19:36:17.830259 [info ] [MainThread]: Done. PASS=3 WARN=0 ERROR=0 SKIP=0 NO-OP=0 REUSED=0 TOTAL=3
[0m19:36:17.831241 [debug] [MainThread]: Command `dbt test` succeeded at 19:36:17.831152 after 1.33 seconds
[0m19:36:17.831527 [debug] [MainThread]: Sending event: {'category': 'dbt', 'action': 'invocation', 'label': 'end', 'context': [<snowplow_tracker.self_describing_json.SelfDescribingJson object at 0x000001C6FF7DCE90>, <snowplow_tracker.self_describing_json.SelfDescribingJson object at 0x000001C6FF862410>, <snowplow_tracker.self_describing_json.SelfDescribingJson object at 0x000001C6FF863540>]}
[0m19:36:17.831804 [debug] [MainThread]: Flushing usage events
[0m19:36:18.423296 [debug] [MainThread]: An error was encountered while trying to flush usage events
